hostname,ip,subnet,additional_ips,additional_subnets,status
3dscannerworkstation.example,10.4.2.141,10.4.2.0/24,,,down
admin-a.foo.example,10.5.39.32,10.5.39.0/24,"[10.5.39.34]","[10.5.39.0/24]",down
admin-b.foo.example,10.5.39.33,10.5.39.0/24,"[10.5.39.37]","[10.5.39.0/24]",down
admin-c.foo.example,10.5.39.20,10.5.39.0/24,"[10.5.39.22]","[10.5.39.0/24]",down
admin-d.example,10.5.39.19,10.5.39.0/24,,,down
admin-d.foo.example,10.5.39.19,10.5.39.0/24,"[10.5.39.21]","[10.5.39.0/24]",down
admin-e.foo.example,10.5.39.35,10.5.39.0/24,"[10.5.39.36]","[10.5.39.0/24]",down
sgrion.example,10.3.1.72,10.3.1.0/24,,,down
ami231ezf9a4eetg.example,10.5.2.11,10.5.2.0/24,,,down
api.bar.example,10.5.43.12,10.5.43.0/24,,,down
api.foo.bar.example,10.5.7.25,10.5.7.0/24,,,down
dsutcliff-towt2.example,10.7.1.112,10.7.1.0/24,,,down
a0-mac-func01.example,10.16.1.10,10.16.1.0/24,,,down
a0-mac-func02.example,10.16.1.11,10.16.1.0/24,,,down
a0-mac-func03.example,10.16.1.12,10.16.1.0/24,,,down
a0-mac-func04.example,10.16.1.13,10.16.1.0/24,,,down
a0-mac-func05.example,10.16.1.14,10.16.1.0/24,,,down
a0-mac-func06.example,10.16.1.15,10.16.1.0/24,,,down
a0-mac-func07.example,10.16.1.16,10.16.1.0/24,,,down
a0-mac-func08.example,10.16.1.17,10.16.1.0/24,,,down
a0-mac-func09.example,10.16.1.18,10.16.1.0/24,,,down
a0-mac-func10.example,10.16.1.19,10.16.1.0/24,,,down
a0-mac-vm01.example,10.15.1.10,10.15.1.0/24,,,down
a0-mac-vm02.example,10.15.1.11,10.15.1.0/24,,,down
a0-virtmac-2ah1.example,10.17.1.23,10.17.1.0/24,,,down
a0-virtmac-rh01.example,10.17.1.13,10.17.1.0/24,,,down
a0-virtmac-rh02.example,10.17.1.14,10.17.1.0/24,,,down
a0-virtmac-rh03.example,10.17.1.3,10.17.1.0/24,,,down
a0-virtmac-rh04.example,10.17.1.6,10.17.1.0/24,,,down
a0-virtmac-rh05.example,10.17.1.8,10.17.1.0/24,,,down
a0-virtmac-rh06.example,10.17.1.11,10.17.1.0/24,,,down
a0-virtmac-rh07.example,10.17.1.16,10.17.1.0/24,,,down
a0-virtmac-rh08.example,10.17.1.17,10.17.1.0/24,,,down
a0-virtmac-rh09.example,10.17.1.18,10.17.1.0/24,,,down
a0-virtmac-rh10.example,10.17.1.19,10.17.1.0/24,,,down
a0-virtmac-gone01.example,10.17.1.37,10.17.1.0/24,,,down
a0-virtmac-pearl01.example,10.17.1.3,10.17.1.0/24,,,down
a0-virtmac-pearl02.example,10.17.1.6,10.17.1.0/24,,,down
a0-virtmac-pearl03.example,10.17.1.8,10.17.1.0/24,,,down
a0-virtmac-pearl04.example,10.17.1.11,10.17.1.0/24,,,down
a0-virtmac-pearl05.example,10.17.1.13,10.17.1.0/24,,,down
a0-virtmac-pearl06.example,10.17.1.14,10.17.1.0/24,,,down
a0-virtmac-pearl07.example,10.17.1.16,10.17.1.0/24,,,down
a0-virtmac-pearl08.example,10.17.1.17,10.17.1.0/24,,,down
a0-virtmac-pearl09.example,10.17.1.18,10.17.1.0/24,,,down
a0-virtmac-pearl10.example,10.17.1.19,10.17.1.0/24,,,down
a0-virtmac-pearl11.example,10.17.1.24,10.17.1.0/24,,,down
a0-virtmac-pearl12.example,10.17.1.27,10.17.1.0/24,,,down
a0-virtmac-pearl13.example,10.17.1.28,10.17.1.0/24,,,down
a0-virtmac-pearl14.example,10.17.1.29,10.17.1.0/24,,,down
a0-virtmac-pearl15.example,10.17.1.30,10.17.1.0/24,,,down
a0-virtmac-pearl16.example,10.17.1.31,10.17.1.0/24,,,down
a0-virtmac-pearl17.example,10.17.1.32,10.17.1.0/24,,,down
a0-virtmac-pearl18.example,10.17.1.33,10.17.1.0/24,,,down
a0-virtmac-pearl19.example,10.17.1.34,10.17.1.0/24,,,down
a0-virtmac-pearl20.example,10.17.1.35,10.17.1.0/24,,,down
a0-virtmac-cptowt.example,10.17.1.41,10.17.1.0/24,,,down
a0-virtmac-fire-management.example,10.17.1.39,10.17.1.0/24,,,down
a0-virtmac-fire1.example,10.17.1.21,10.17.1.0/24,,,down
a0-virtmac-ow01.example,10.17.1.3,10.17.1.0/24,,,down
a0-virtmac-extagg1.example,10.17.1.22,10.17.1.0/24,,,down
a0-virtmac-s1.example,10.15.2.10,10.15.2.0/24,,,down
a0-virtmac-ipalow1.example,10.17.1.22,10.17.1.0/24,,,down
a0-virtmac-mango1.example,10.17.1.3,10.17.1.0/24,,,down
a0-virtmac-mango10.example,10.17.1.19,10.17.1.0/24,,,down
a0-virtmac-mango2.example,10.17.1.6,10.17.1.0/24,,,down
a0-virtmac-mango3.example,10.17.1.8,10.17.1.0/24,,,down
a0-virtmac-mango4.example,10.17.1.11,10.17.1.0/24,,,down
a0-virtmac-mango5.example,10.17.1.13,10.17.1.0/24,,,down
a0-virtmac-mango6.example,10.17.1.14,10.17.1.0/24,,,down
a0-virtmac-mango7.example,10.17.1.16,10.17.1.0/24,,,down
a0-virtmac-mango8.example,10.17.1.17,10.17.1.0/24,,,down
a0-virtmac-mango9.example,10.17.1.18,10.17.1.0/24,,,down
a0-virtmac-nqerbnn1.example,10.17.1.40,10.17.1.0/24,,,down
a0-virtmac-func02.example,10.17.1.6,10.17.1.0/24,,,down
a0-virtmac-func03.example,10.17.1.8,10.17.1.0/24,,,down
a0-virtmac-func04.example,10.17.1.11,10.17.1.0/24,,,down
a0-virtmac-func05.example,10.17.1.13,10.17.1.0/24,,,down
a0-virtmac-func06.example,10.17.1.14,10.17.1.0/24,,,down
a0-virtmac-func07.example,10.17.1.16,10.17.1.0/24,,,down
a0-virtmac-func08.example,10.17.1.17,10.17.1.0/24,,,down
a0-virtmac-func09.example,10.17.1.18,10.17.1.0/24,,,down
a0-virtmac-func10.example,10.17.1.19,10.17.1.0/24,,,down
a0-virtmac-pclean4.example,10.17.1.36,10.17.1.0/24,,,down
a0-virtmac-level1.example,10.17.1.3,10.17.1.0/24,,,down
a0-virtmac-level10.example,10.17.1.19,10.17.1.0/24,,,down
a0-virtmac-level2.example,10.17.1.6,10.17.1.0/24,,,down
a0-virtmac-level3.example,10.17.1.8,10.17.1.0/24,,,down
a0-virtmac-level4.example,10.17.1.11,10.17.1.0/24,,,down
a0-virtmac-level5.example,10.17.1.13,10.17.1.0/24,,,down
a0-virtmac-level6.example,10.17.1.14,10.17.1.0/24,,,down
a0-virtmac-level7.example,10.17.1.16,10.17.1.0/24,,,down
a0-virtmac-level8.example,10.17.1.17,10.17.1.0/24,,,down
a0-virtmac-level9.example,10.17.1.18,10.17.1.0/24,,,down
a0-virtmac-nomad1.example,10.17.1.20,10.17.1.0/24,,,down
a0-virtmac-servop1.example,10.17.1.36,10.17.1.0/24,,,down
a0-virtmac-solace.example,10.17.1.38,10.17.1.0/24,,,down
a0-virtmac-ssh1.example,10.17.1.25,10.17.1.0/24,,,down
a0-virtmac-ssh2.example,10.17.1.26,10.17.1.0/24,,,down
a0-virtmac-negative1.example,10.17.1.24,10.17.1.0/24,,,down
a0-virtmac-util1.example,10.17.1.21,10.17.1.0/24,,,down
a0-virtmac-cold.example,10.15.3.10,10.15.3.0/24,,,down
a0-virtmac-bash01.example,10.17.1.20,10.17.1.0/24,,,down
a1-mac-vm01-guru.example,10.4.1.11,10.4.1.0/24,,,down
a1-mac-vm01.example,10.9.1.11,10.9.1.0/24,,,up
a1-mac-vm02-guru.example,10.4.1.12,10.4.1.0/24,,,down
a1-mac-vm02.example,10.9.1.12,10.9.1.0/24,,,up
a1-virtmac-throwaway-ubuntu-14-kls.example,10.9.2.44,10.9.2.0/24,,,down
a1-virtmac-win7-1.example,10.9.2.41,10.9.2.0/24,,,down
a1-virtmac-win7-2.example,10.9.2.40,10.9.2.0/24,,,down
a1-virtmac-win7-3.example,10.9.2.46,10.9.2.0/24,,,down
a1-virtmac-win7-4.example,10.9.2.47,10.9.2.0/24,,,down
a2-mac-func01.example,10.18.1.10,10.18.1.0/24,,,up
a2-mac-func02.example,10.18.1.11,10.18.1.0/24,,,up
a2-mac-func03.example,10.18.1.12,10.18.1.0/24,,,up
a2-mac-func04.example,10.18.1.13,10.18.1.0/24,,,up
a2-virtmac-wem.example,10.19.6.3,10.19.6.0/24,,,down
a2-virtmac-wemgr.example,10.19.6.3,10.19.6.0/24,,,down
a2-virtmac-weo.example,10.19.6.6,10.19.6.0/24,,,down
a2-virtmac-wew.example,10.227.16.8,10.227.16.0/24,,,down
a2-virtmac-cent9.example,10.19.1.5,10.19.1.0/24,,,down
a2-virtmac-cento1.example,10.19.1.11,10.19.1.0/24,,,down
a2-virtmac-cento4.example,10.19.1.5,10.19.1.0/24,,,down
a2-virtmac-popmgr.example,10.227.16.3,10.227.16.0/24,,,down
a2-virtmac-poporch.example,10.227.16.5,10.227.16.0/24,,,down
a2-virtmac-poprepo.example,10.227.16.6,10.227.16.0/24,,,down
a2-virtmac-cattle01.example,10.19.3.24,10.19.3.0/24,,,up
a2-virtmac-cattle02.example,10.19.3.25,10.19.3.0/24,,,up
a2-virtmac-cattle03.example,10.19.3.26,10.19.3.0/24,,,up
a2-virtmac-cos-towt1.example,10.19.4.7,10.19.4.0/24,,,up
a2-virtmac-debtowt1.example,10.19.3.5,10.19.3.0/24,,,up
a2-virtmac-cat-driver.example,10.19.4.12,10.19.4.0/24,,,down
a2-virtmac-cat-rib01.example,10.19.4.9,10.19.4.0/24,,,up
a2-virtmac-drip01.example,10.19.4.3,10.19.4.0/24,,,up
a2-virtmac-zebra4.example,10.19.1.9,10.19.1.0/24,,,down
a2-virtmac-ow01.example,10.19.3.21,10.19.3.0/24,,,down
a2-virtmac-ow02.example,10.19.3.22,10.19.3.0/24,,,down
a2-virtmac-ow03.example,10.19.3.23,10.19.3.0/24,,,down
a2-virtmac-attic1.example,10.19.8.3,10.19.8.0/24,,,down
a2-virtmac-victory1.example,10.19.6.3,10.19.6.0/24,,,down
a2-virtmac-bleed.example,10.19.4.11,10.19.4.0/24,,,up
a2-virtmac-painless01.example,10.19.3.17,10.19.3.0/24,,,up
a2-virtmac-painless02.example,10.19.3.18,10.19.3.0/24,,,up
a2-virtmac-painless03.example,10.19.3.19,10.19.3.0/24,,,up
a2-virtmac-wrb-level1.example,10.19.4.3,10.19.4.0/24,,,up
a2-virtmac-nrt1.example,10.19.5.3,10.19.5.0/24,,,down
a2-virtmac-aquimble-key-towt2-ubuntu-temp.example,10.19.4.10,10.19.4.0/24,,,up
a2-virtmac-junk1.example,10.19.6.3,10.19.6.0/24,,,down
a2-virtmac-ll-drip01.example,10.19.3.7,10.19.3.0/24,,,up
a2-virtmac-ll-ow01.example,10.19.3.9,10.19.3.0/24,,,up
a2-virtmac-ll-ow02.example,10.19.3.10,10.19.3.0/24,,,up
a2-virtmac-ll-ow03.example,10.19.3.11,10.19.3.0/24,,,up
a2-virtmac-ll-ow04.example,10.19.3.15,10.19.3.0/24,,,up
a2-virtmac-ll-ow05.example,10.19.3.16,10.19.3.0/24,,,up
a2-virtmac-ll-ow06.example,10.19.3.17,10.19.3.0/24,,,up
a2-virtmac-ll-ow07.example,10.19.3.18,10.19.3.0/24,,,up
a2-virtmac-ll-ow08.example,10.19.3.19,10.19.3.0/24,,,up
a2-virtmac-ll-ow09.example,10.19.3.24,10.19.3.0/24,,,up
a2-virtmac-ll-ow10.example,10.19.3.25,10.19.3.0/24,,,up
a2-virtmac-ll-loader01.example,10.19.3.5,10.19.3.0/24,,,up
a2-virtmac-ll-loader02.example,10.19.3.13,10.19.3.0/24,,,up
a2-virtmac-ll-stallion1.example,10.19.3.26,10.19.3.0/24,,,up
a2-virtmac-ll-towt1.example,10.19.3.7,10.19.3.0/24,,,up
a2-virtmac-mango1.example,10.19.3.20,10.19.3.0/24,,,down
a2-virtmac-eagle01.example,10.19.3.10,10.19.3.0/24,,,up
a2-virtmac-eagle02.example,10.19.3.11,10.19.3.0/24,,,up
a2-virtmac-eagle03.example,10.19.3.12,10.19.3.0/24,,,down
a2-virtmac-eagle04.example,10.19.3.28,10.19.3.0/24,,,down
a2-virtmac-eagle05.example,10.19.3.29,10.19.3.0/24,,,down
a2-virtmac-eagle06.example,10.19.3.30,10.19.3.0/24,,,down
a2-virtmac-mowos-90e4eabb-ea4e-4fa7-876b-7e73c49d74b1.example,10.19.6.8,10.19.6.0/24,,,down
a2-virtmac-mowos-c953c6c5-4312-46cd-a4b4-4b0cbc77e705.example,10.19.6.11,10.19.6.0/24,,,down
a2-virtmac-mowos1.example,10.19.6.3,10.19.6.0/24,,,down
a2-virtmac-mowos2.example,10.19.6.10,10.19.6.0/24,,,down
a2-virtmac-mowos3.example,10.19.6.7,10.19.6.0/24,,,down
a2-virtmac-mowos4.example,10.19.6.8,10.19.6.0/24,,,down
a2-virtmac-ms01.example,10.19.4.9,10.19.4.0/24,,,up
a2-virtmac-ms02.example,10.19.4.10,10.19.4.0/24,,,up
a2-virtmac-mtutowt1.example,10.19.6.3,10.19.6.0/24,,,down
a2-virtmac-nqerbnn1.example,10.19.3.27,10.19.3.0/24,,,down
a2-virtmac-welg1.example,10.19.2.7,10.19.2.0/24,,,down
a2-virtmac-dbn1.example,10.19.2.5,10.19.2.0/24,,,down
a2-virtmac-pc-at1.example,10.19.3.22,10.19.3.0/24,,,down
a2-virtmac-pc-pearl1.example,10.19.3.13,10.19.3.0/24,,,up
a2-virtmac-pc-pearl2.example,10.19.3.15,10.19.3.0/24,,,up
a2-virtmac-pc-pearl3.example,10.19.3.16,10.19.3.0/24,,,up
a2-virtmac-pc-ow1.example,10.19.3.17,10.19.3.0/24,,,up
a2-virtmac-pc-ow2.example,10.19.3.18,10.19.3.0/24,,,up
a2-virtmac-pc-ow3.example,10.19.3.19,10.19.3.0/24,,,up
a2-virtmac-pc-mango1.example,10.19.3.5,10.19.3.0/24,,,up
a2-virtmac-pc-mango2.example,10.19.3.7,10.19.3.0/24,,,up
a2-virtmac-pc-mango3.example,10.19.3.9,10.19.3.0/24,,,up
a2-virtmac-pc-level1.example,10.19.3.10,10.19.3.0/24,,,up
a2-virtmac-pc-level2.example,10.19.3.11,10.19.3.0/24,,,up
a2-virtmac-pc-level3.example,10.19.3.12,10.19.3.0/24,,,down
a2-virtmac-pc-ut1.example,10.19.3.21,10.19.3.0/24,,,down
a2-virtmac-pc-wt1.example,10.19.3.20,10.19.3.0/24,,,down
a2-virtmac-pc-wt2.example,10.19.3.23,10.19.3.0/24,,,down
a2-virtmac-wire1.example,10.19.3.3,10.19.3.0/24,,,down
a2-virtmac-equipment1.example,10.19.2.9,10.19.2.0/24,,,up
a2-virtmac-little01.example,10.19.3.13,10.19.3.0/24,,,up
a2-virtmac-little02.example,10.19.3.15,10.19.3.0/24,,,up
a2-virtmac-little03.example,10.19.3.16,10.19.3.0/24,,,up
a2-virtmac-crimson01.example,10.19.4.7,10.19.4.0/24,,,up
a2-virtmac-crimson1.example,10.19.4.7,10.19.4.0/24,,,up
a2-virtmac-shout1.example,10.19.5.5,10.19.5.0/24,,,down
a2-virtmac-flowers1.example,10.19.2.3,10.19.2.0/24,,,down
a2-virtmac-solace.example,10.19.3.31,10.19.3.0/24,,,down
a2-virtmac-towtcent1.example,10.19.1.7,10.19.1.0/24,,,down
a2-virtmac-ubun1.example,10.19.1.11,10.19.1.0/24,,,down
a2-virtmac-ubuntu16.example,10.19.4.7,10.19.4.0/24,,,up
a2-virtmac-ubuntu162.example,10.19.4.10,10.19.4.0/24,,,up
a2-virtmac-ubuntu163.example,10.19.4.10,10.19.4.0/24,,,up
a2-virtmac-voklowt1.example,10.19.1.5,10.19.1.0/24,,,down
a2-virtmac-crowd01.example,10.19.3.5,10.19.3.0/24,,,up
a2-virtmac-crowd02.example,10.19.3.7,10.19.3.0/24,,,up
a2-virtmac-crowd03.example,10.19.3.9,10.19.3.0/24,,,up
a2-virtmac-wincl1.example,10.19.4.7,10.19.4.0/24,,,up
a2-virtmac-winou1.example,10.19.4.3,10.19.4.0/24,,,up
a2-virtmac-winttt1.example,10.19.6.3,10.19.6.0/24,,,down
a2-virtmac-wt2.example,10.19.1.11,10.19.1.0/24,,,down
centos-soundch4.example,10.7.1.42,10.7.1.0/24,,,down
ageless.example,10.2.1.59,10.2.1.0/24,,,down
bag01.example,10.14.2.140,10.14.2.0/24,,,down
bag2013.example,10.5.26.12,10.5.26.0/24,,,down
land-vgp-tactical.example,10.4.6.11,10.4.6.0/24,,,down
land-vgp-tactical1.example,10.3.3.11,10.3.3.0/24,,,down
land-vgp-tactical2.example,10.4.6.13,10.4.6.0/24,,,down
land-vgp-tactical3.example,10.4.6.14,10.4.6.0/24,,,down
land-vgp-tactical4.example,10.4.6.16,10.4.6.0/24,,,down
land-vgp-w7.example,10.4.2.60,10.4.2.0/24,,,down
derp.example,10.7.1.110,10.7.1.0/24,,,down
dowktop-acasen02b.example,10.4.4.108,10.4.4.0/24,,,down
cat-cmac-sql.example,10.5.31.12,10.5.31.0/24,,,down
cat-kl-3803-7.example,10.14.3.29,10.14.3.0/24,,,down
cat-kl-3958.example,10.1.2.16,10.1.2.0/24,,,down
cat-kl-4054.example,10.4.2.117,10.4.2.0/24,,,down
cat-kl-4081.example,10.1.3.15,10.1.3.0/24,"[10.10.3.19,192.168.91.6]","[10.10.3.0/24,192.168.91.0/24]",down
cat-kl-4083.example,10.1.2.15,10.1.2.0/24,"[10.1.3.20]","[10.1.3.0/24]",down
cat-kl-4253.example,10.25.2.15,10.25.2.0/24,,,down
cat-kl-4257.example,10.25.2.23,10.25.2.0/24,,,down
cat-kl-4787.example,10.25.2.15,10.25.2.0/24,,,down
cat-kl-4794.example,10.1.3.13,10.1.3.0/24,,,down
cat-kl-4796.example,10.1.3.17,10.1.3.0/24,,,down
cat-kl-4801.example,10.25.2.61,10.25.2.0/24,,,down
cat-kl-4901.example,10.1.3.16,10.1.3.0/24,,,down
cat-kl-4902.example,10.1.3.52,10.1.3.0/24,,,down
cat-kl-4908.example,10.10.3.74,10.10.3.0/24,"[192.168.91.19]","[192.168.91.0/24]",down
cat-kl-4915.example,10.25.2.31,10.25.2.0/24,,,down
cat-kl-5009.example,10.25.2.65,10.25.2.0/24,,,down
cat-kl-5035.example,10.1.3.50,10.1.3.0/24,"[10.10.3.59]","[10.10.3.0/24]",down
cat-kl-5091.example,10.10.1.205,10.10.1.0/24,"[172.29.30.6]","[172.29.30.0/24]",down
cat-kl-5110.example,10.25.2.62,10.25.2.0/24,,,down
cat-kl-5142.example,10.1.3.12,10.1.3.0/24,,,down
cat-kl-5143.example,10.1.3.10,10.1.3.0/24,"[10.10.3.125,192.168.90.103]","[10.10.3.0/24,192.168.90.0/24]",down
cat-kl-5222.example,10.10.3.64,10.10.3.0/24,"[192.168.91.2]","[192.168.91.0/24]",down
cat-kl-5331.example,10.1.3.11,10.1.3.0/24,,,down
cat-kl-5343.example,10.1.3.24,10.1.3.0/24,,,down
cat-kl-5354.example,10.1.2.15,10.1.2.0/24,"[10.1.2.18]","[10.1.2.0/24]",down
cat-kl-5383.example,10.1.3.81,10.1.3.0/24,,,down
cat-kl-5387.example,10.1.2.42,10.1.2.0/24,,,down
cat-kl-5388.example,10.25.1.14,10.25.1.0/24,,,down
cat-kl-5389.example,10.10.3.60,10.10.3.0/24,"[192.168.90.8]","[192.168.90.0/24]",down
cat-kl-5391.example,10.25.1.13,10.25.1.0/24,,,down
cat-kl-5392.example,10.3.1.67,10.3.1.0/24,,,down
cat-kl-5400.example,10.1.1.117,10.1.1.0/24,,,down
cat-kl-5402.example,10.25.2.38,10.25.2.0/24,,,down
cat-kl-5403.example,10.1.2.22,10.1.2.0/24,"[10.1.3.35]","[10.1.3.0/24]",down
cat-kl-5405.example,10.1.1.129,10.1.1.0/24,,,down
cat-kl-5408.example,10.25.2.37,10.25.2.0/24,"[192.168.9.1]","[192.168.9.0/24]",down
cat-kl-5412.example,10.25.1.18,10.25.1.0/24,,,down
cat-kl-5433.example,10.1.3.53,10.1.3.0/24,,,down
cat-kl-5445.example,10.1.3.39,10.1.3.0/24,,,down
cat-kl-5452.example,10.1.3.56,10.1.3.0/24,,,down
cat-kl-5454.example,10.1.3.71,10.1.3.0/24,,,down
cat-kl-5477.example,10.4.2.23,10.4.2.0/24,,,down
cat-kl-5483.example,10.25.2.60,10.25.2.0/24,,,down
cat-kl-5487.example,10.1.3.73,10.1.3.0/24,,,down
cat-kl-5496.example,10.1.3.44,10.1.3.0/24,,,down
cat-kl-5497.example,10.1.3.64,10.1.3.0/24,,,down
cat-kl-5600.example,10.1.3.58,10.1.3.0/24,,,down
cat-kl-5609.example,10.1.3.63,10.1.3.0/24,,,down
cat-kl-5619.example,10.25.2.63,10.25.2.0/24,,,down
cat-kl-5620.example,10.1.3.67,10.1.3.0/24,,,down
cat-kl-5621.example,10.1.3.70,10.1.3.0/24,,,down
cat-kl-5636.example,10.12.1.3,10.12.1.0/24,"[10.25.2.45,192.168.9.1]","[10.25.2.0/24,192.168.9.0/24]",down
cat-kl-5637.example,10.25.2.43,10.25.2.0/24,,,down
cat-kl-5638.example,10.10.1.204,10.10.1.0/24,"[10.91.149.139,192.168.9.1]","[10.91.149.0/24,192.168.9.0/24]",down
cat-kl-5640.example,10.10.1.191,10.10.1.0/24,"[192.168.90.107,192.168.9.1]","[192.168.90.0/24,192.168.9.0/24]",down
cat-kl-5663.example,10.25.2.64,10.25.2.0/24,,,down
cat-kl-5665.example,10.25.2.58,10.25.2.0/24,,,down
cat-kl-5666.example,10.25.1.18,10.25.1.0/24,,,down
cat-kl-5697.example,10.1.3.78,10.1.3.0/24,,,down
cat-kl-5708.example,10.1.1.130,10.1.1.0/24,,,down
cat-kl-5709.example,10.1.1.130,10.1.1.0/24,,,down
cat-kl-5710.example,10.1.1.130,10.1.1.0/24,,,down
cat-kl-5711.example,10.1.1.130,10.1.1.0/24,,,down
cat-kl-5712.example,10.1.1.130,10.1.1.0/24,,,down
cat-kl-5713.example,10.1.1.130,10.1.1.0/24,,,down
cat-kl-5714.example,10.1.1.130,10.1.1.0/24,,,down
cat-kl-5715.example,10.1.1.130,10.1.1.0/24,,,down
cat-kl-5716.example,10.1.1.130,10.1.1.0/24,,,down
cat-kl-5822.example,10.1.3.80,10.1.3.0/24,,,down
cat-kl-8544.example,10.25.1.11,10.25.1.0/24,,,down
cat-kl-cwaw.example,10.1.2.42,10.1.2.0/24,,,down
cat-kl-cwrb.example,10.1.2.39,10.1.2.0/24,,,down
cat-kl-imatowt.example,10.4.2.149,10.4.2.0/24,,,down
cat-net-owtck1.example,10.5.45.10,10.5.45.0/24,,,down
cat-net-fan1.example,10.14.2.212,10.14.2.0/24,,,down
cat-fan-ez1.example,10.14.2.210,10.14.2.0/24,,,down
cat-fan-ez2.example,10.14.2.211,10.14.2.0/24,,,down
cat-mac-horn1.example,10.5.9.11,10.5.9.0/24,,,down
cat-mac-horn2.example,10.5.9.12,10.5.9.0/24,,,down
cat-mac-horn3.example,10.5.9.13,10.5.9.0/24,,,down
cat-mac-horn4.example,10.5.9.14,10.5.9.0/24,,,down
cat-mac-bland.example,10.14.2.75,10.14.2.0/24,,,down
cat-mac-oof.example,10.14.2.54,10.14.2.0/24,,,down
cat-mac-rattle1.example,10.14.2.196,10.14.2.0/24,,,down
cat-mac-rattle2.example,10.14.2.197,10.14.2.0/24,,,down
cat-mac-rattle3.example,10.14.2.198,10.14.2.0/24,,,down
cat-mac-soupctrl01.example,10.8.1.21,10.8.1.0/24,,,down
cat-mac-soupctrl02.example,10.8.1.22,10.8.1.0/24,,,down
cat-mac-soupfunc01.example,10.8.1.12,10.8.1.0/24,,,down
cat-mac-soupfunc02.example,10.8.1.13,10.8.1.0/24,,,down
cat-mac-soupfunc03.example,10.8.1.14,10.8.1.0/24,,,down
cat-mac-soupfunc04.example,10.8.1.11,10.8.1.0/24,,,down
cat-mac-forest.example,10.3.2.89,10.3.2.0/24,,,down
cat-mac-flicker.example,10.14.2.22,10.14.2.0/24,,,down
cat-mac-iq.example,10.14.2.23,10.14.2.0/24,,,down
cat-mac-pvna.example,10.14.2.165,10.14.2.0/24,,,down
cat-mac-pvna1.example,10.14.2.154,10.14.2.0/24,,,down
cat-mac-pvna2.example,10.14.2.155,10.14.2.0/24,,,down
cat-mac-pvnet.example,10.14.2.156,10.14.2.0/24,,,down
cat-mac-pvvy1.example,10.14.2.146,10.14.2.0/24,,,down
cat-mac-pvvy2.example,10.14.2.147,10.14.2.0/24,,,down
cat-mac-pvvy3.example,10.14.2.148,10.14.2.0/24,,,down
cat-mac-pvvy4.example,10.14.2.149,10.14.2.0/24,,,down
cat-mac-pvvy5.example,10.14.2.150,10.14.2.0/24,,,down
cat-mac-pvvy6.example,10.14.2.151,10.14.2.0/24,,,down
cat-mac-pvvy7.example,10.14.2.152,10.14.2.0/24,,,down
cat-mac-pvvy8.example,10.14.2.153,10.14.2.0/24,,,down
cat-mac-ez1.example,10.14.2.207,10.14.2.0/24,,,down
cat-mac-ez2.example,10.14.2.208,10.14.2.0/24,,,down
cat-mac-ez3.example,10.14.2.209,10.14.2.0/24,,,down
cat-mac-owmeia.example,10.14.2.67,10.14.2.0/24,,,down
cat-mac-owwe.example,10.14.2.68,10.14.2.0/24,,,down
cat-mac-gutter1a.example,10.14.2.39,10.14.2.0/24,,,down
cat-mac-gutter1b.example,10.14.2.40,10.14.2.0/24,,,down
cat-mac-gutter1c.example,10.14.2.41,10.14.2.0/24,,,down
cat-mac-px1.example,10.14.2.12,10.14.2.0/24,,,down
cat-mac-px2.example,10.5.49.10,10.5.49.0/24,,,down
cat-mac-crossfire.example,10.4.2.93,10.4.2.0/24,,,down
cat-mac-klek2.example,10.14.2.44,10.14.2.0/24,,,down
cat-mac-mutation3.example,10.14.2.130,10.14.2.0/24,,,down
cat-mac-lw.example,10.14.2.21,10.14.2.0/24,,,down
cat-mac-mc.example,10.14.2.65,10.14.2.0/24,,,down
cat-mac-nerhaa1.example,10.5.2.13,10.5.2.0/24,,,down
cat-mac-fortune.example,10.5.40.11,10.5.40.0/24,,,down
cat-mac-flood01.example,10.5.27.10,10.5.27.0/24,,,down
cat-mac-flood02.example,10.5.27.11,10.5.27.0/24,,,down
cat-mac-flood03.example,10.5.27.12,10.5.27.0/24,,,down
cat-mac-strong1.example,10.5.1.10,10.5.1.0/24,,,down
cat-mac-strong2.example,10.5.1.11,10.5.1.0/24,,,down
cat-mac-strong3.example,10.5.1.12,10.5.1.0/24,,,down
cat-mac-foul.example,10.14.2.87,10.14.2.0/24,,,down
cat-mac-func01.example,10.6.1.12,10.6.1.0/24,,,down
cat-mac-func02.example,10.6.1.12,10.6.1.0/24,,,down
cat-mac-func03.example,10.6.1.13,10.6.1.0/24,,,down
cat-mac-func04.example,10.6.1.14,10.6.1.0/24,,,down
cat-mac-func05.example,10.6.1.15,10.6.1.0/24,,,down
cat-mac-func06.example,10.6.1.16,10.6.1.0/24,,,down
cat-mac-func07.example,10.6.1.17,10.6.1.0/24,,,down
cat-mac-func08.example,10.6.1.18,10.6.1.0/24,,,down
cat-mac-func09.example,10.6.1.19,10.6.1.0/24,,,down
cat-mac-func10.example,10.6.1.20,10.6.1.0/24,,,down
cat-mac-func11.example,10.6.1.21,10.6.1.0/24,,,down
cat-mac-func12.example,10.6.1.22,10.6.1.0/24,,,down
cat-mac-func13.example,10.6.1.23,10.6.1.0/24,,,down
cat-mac-func14.example,10.6.1.24,10.6.1.0/24,,,down
cat-mac-func15.example,10.6.1.25,10.6.1.0/24,,,down
cat-mac-func16.example,10.6.1.26,10.6.1.0/24,,,down
cat-mac-gutsy.example,10.14.2.102,10.14.2.0/24,,,down
cat-mac-favorable1.example,10.5.15.10,10.5.15.0/24,,,down
cat-mac-we1.example,10.5.29.11,10.5.29.0/24,,,down
cat-mac-we2.example,10.5.29.12,10.5.29.0/24,,,down
cat-mac-gie.example,10.5.29.10,10.5.29.0/24,,,down
cat-mac-elg1.example,10.14.2.104,10.14.2.0/24,,,down
cat-mac-tln1.example,10.4.4.101,10.4.4.0/24,,,down
cat-mac-pwe1.example,10.14.2.52,10.14.2.0/24,,,down
cat-mac-xi.example,10.14.2.20,10.14.2.0/24,,,down
cat-mac-sez073.example,10.14.4.20,10.14.4.0/24,,,down
cat-mac-comrade.example,10.14.2.103,10.14.2.0/24,,,down
cat-mac-ground.example,10.14.2.176,10.14.2.0/24,,,down
cat-mac-acrobat.example,10.14.2.157,10.14.2.0/24,,,down
cat-mac-scenic.example,10.14.2.96,10.14.2.0/24,,,down
cat-mac-vm1.example,10.5.37.21,10.5.37.0/24,,,down
cat-mac-vm10.example,10.14.2.81,10.14.2.0/24,,,down
cat-mac-vm11.example,10.14.2.44,10.14.2.0/24,,,down
cat-mac-vm12.example,10.14.2.25,10.14.2.0/24,,,down
cat-mac-vm13.example,10.14.2.34,10.14.2.0/24,,,down
cat-mac-vm14.example,10.14.2.177,10.14.2.0/24,,,down
cat-mac-vm15.example,10.14.2.178,10.14.2.0/24,,,down
cat-mac-vm16.example,10.5.37.36,10.5.37.0/24,,,down
cat-mac-vm17.example,10.5.37.37,10.5.37.0/24,,,down
cat-mac-vm18.example,10.5.37.38,10.5.37.0/24,,,down
cat-mac-vm19.example,10.5.37.39,10.5.37.0/24,,,down
cat-mac-vm2.example,10.14.2.19,10.14.2.0/24,,,down
cat-mac-vm20.example,10.5.37.40,10.5.37.0/24,,,down
cat-mac-vm3.example,10.14.2.13,10.14.2.0/24,,,down
cat-mac-vm4.example,10.14.2.30,10.14.2.0/24,,,down
cat-mac-vm6.example,10.14.2.17,10.14.2.0/24,,,down
cat-mac-vm7-map.example,10.5.38.27,10.5.38.0/24,,,down
cat-mac-vm7.example,10.5.37.27,10.5.37.0/24,,,down
cat-mac-vm8.example,10.14.2.42,10.14.2.0/24,,,down
cat-mac-vm9.example,10.14.2.53,10.14.2.0/24,,,down
cat-mac-vmt01.example,10.4.3.15,10.4.3.0/24,,,down
cat-grunt-grind.example,10.7.1.11,10.7.1.0/24,,,down
cat-grunt-grind1.example,10.7.1.50,10.7.1.0/24,,,down
cat-grunt-grind2.example,10.7.1.77,10.7.1.0/24,,,down
cat-grunt-grind3.example,10.7.1.79,10.7.1.0/24,,,down
cat-grunt-natural.example,10.7.1.106,10.7.1.0/24,,,down
cat-grunt-pb-animal.example,10.7.1.22,10.7.1.0/24,,,down
cat-grunt-eraser.example,10.7.1.42,10.7.1.0/24,,,down
cat-virtmac-crasher.example,10.5.19.10,10.5.19.0/24,,,down
cat-virtmac-magic1.example,10.5.43.10,10.5.43.0/24,,,down
cat-virtmac-magic2.example,10.5.43.11,10.5.43.0/24,,,down
cat-virtmac-magic3.example,10.5.43.12,10.5.43.0/24,,,down
cat-virtmac-goon1.example,10.14.2.73,10.14.2.0/24,,,down
cat-virtmac-action1.example,10.4.7.94,10.4.7.0/24,,,down
cat-virtmac-lgoical-server.example,10.5.53.23,10.5.53.0/24,,,down
cat-virtmac-heartless-sync.example,10.7.1.40,10.7.1.0/24,,,down
cat-virtmac-api.example,10.5.52.43,10.5.52.0/24,,,down
cat-virtmac-api.form.example,10.5.52.25,10.5.52.0/24,"[10.5.52.43]","[10.5.52.0/24]",down
cat-virtmac-dissolve1.example,10.5.23.10,10.5.23.0/24,,,down
cat-virtmac-dissolve2.example,10.5.23.11,10.5.23.0/24,,,down
cat-virtmac-app.example,10.14.2.195,10.14.2.0/24,,,down
cat-virtmac-app1.example,10.14.2.121,10.14.2.0/24,,,down
cat-virtmac-app2.example,10.14.2.122,10.14.2.0/24,,,down
cat-virtmac-app3.example,10.14.2.123,10.14.2.0/24,,,down
cat-virtmac-app4.example,10.14.2.184,10.14.2.0/24,,,down
cat-virtmac-app5.example,10.14.2.185,10.14.2.0/24,,,down
cat-virtmac-app6.example,10.14.2.202,10.14.2.0/24,,,down
cat-virtmac-app7.example,10.14.2.195,10.14.2.0/24,,,down
cat-virtmac-apptowt.example,10.14.2.127,10.14.2.0/24,,,down
cat-virtmac-av.example,10.14.2.232,10.14.2.0/24,,,down
cat-virtmac-mouth-getaway.example,10.7.1.112,10.7.1.0/24,,,down
cat-virtmac-malone.example,10.14.2.51,10.14.2.0/24,,,down
cat-virtmac-modern2.example,10.5.32.14,10.5.32.0/24,,,down
cat-virtmac-modern3.example,10.5.32.15,10.5.32.0/24,,,down
cat-virtmac-modern4.example,10.5.32.12,10.5.32.0/24,,,down
cat-virtmac-modern5.example,10.5.32.13,10.5.32.0/24,,,down
cat-virtmac-modernlogp1.example,10.4.7.112,10.4.7.0/24,,,down
cat-virtmac-wer1-cat.example,10.14.2.197,10.14.2.0/24,,,down
cat-virtmac-wer1-towt.example,10.14.2.198,10.14.2.0/24,,,down
cat-virtmac-cae1.example,10.4.7.93,10.4.7.0/24,,,down
cat-virtmac-kwe01.example,10.14.2.241,10.14.2.0/24,,,down
cat-virtmac-kwe02.example,10.14.2.242,10.14.2.0/24,,,down
cat-virtmac-kwe03.example,10.14.2.243,10.14.2.0/24,,,down
cat-virtmac-kwe04.example,10.14.2.244,10.14.2.0/24,,,down
cat-virtmac-kwe05.example,10.14.2.245,10.14.2.0/24,,,down
cat-virtmac-ceaseless-marketplace.example,10.4.2.65,10.4.2.0/24,,,down
cat-virtmac-ceaseless.example,10.4.2.34,10.4.2.0/24,,,down
cat-virtmac-undersea1.example,10.5.14.10,10.5.14.0/24,,,down
cat-virtmac-undersea2.example,10.5.14.11,10.5.14.0/24,,,down
cat-virtmac-undersea3.example,10.5.14.12,10.5.14.0/24,,,down
cat-virtmac-undersea4.example,10.5.14.13,10.5.14.0/24,,,down
cat-virtmac-undersea5.example,10.5.14.14,10.5.14.0/24,,,down
cat-virtmac-clv1.example,10.14.2.219,10.14.2.0/24,,,down
cat-virtmac-conc.example,10.14.2.228,10.14.2.0/24,,,down
cat-virtmac-conn.example,10.14.2.240,10.14.2.0/24,,,down
cat-virtmac-dot1.example,10.7.1.10,10.7.1.0/24,,,down
cat-virtmac-dot2.example,10.7.1.11,10.7.1.0/24,,,down
cat-virtmac-dot3.example,10.7.1.12,10.7.1.0/24,,,down
cat-virtmac-dog1.example,10.5.28.10,10.5.28.0/24,,,down
cat-virtmac-cairon.example,10.7.1.14,10.7.1.0/24,,,down
cat-virtmac-cwiron.example,10.7.1.56,10.7.1.0/24,,,down
cat-virtmac-cgpodetowt.example,10.7.1.98,10.7.1.0/24,,,down
cat-virtmac-cgpcomp1.example,10.7.1.40,10.7.1.0/24,,,down
cat-virtmac-cgposerv.example,10.7.1.119,10.7.1.0/24,,,down
cat-virtmac-tg2.example,10.14.2.10,10.14.2.0/24,"[10.14.2.14,10.14.2.16]","[10.14.2.0/24,10.14.2.0/24]",up
cat-virtmac-tg5.example,10.5.26.20,10.5.26.0/24,,,up
cat-virtmac-tg6.example,10.26.1.10,10.26.1.0/24,,,up
cat-virtmac-more1.example,10.5.16.10,10.5.16.0/24,,,down
cat-virtmac-more2.example,10.5.16.11,10.5.16.0/24,,,down
cat-virtmac-more3.example,10.5.16.12,10.5.16.0/24,,,down
cat-virtmac-more4.example,10.5.16.13,10.5.16.0/24,,,down
cat-virtmac-more5.example,10.5.16.20,10.5.16.0/24,,,down
cat-virtmac-more6.example,10.5.16.21,10.5.16.0/24,,,down
cat-virtmac-more7.example,10.5.16.22,10.5.16.0/24,,,down
cat-virtmac-moresql01.example,10.7.1.77,10.7.1.0/24,,,down
cat-virtmac-moresql02.example,10.7.1.78,10.7.1.0/24,,,down
cat-virtmac-moresql1.example,10.7.1.74,10.7.1.0/24,,,down
cat-virtmac-moresql2.example,10.7.1.75,10.7.1.0/24,,,down
cat-virtmac-moresql3.example,10.5.16.23,10.5.16.0/24,,,down
cat-virtmac-moresql4.example,10.5.16.24,10.5.16.0/24,,,down
cat-virtmac-catapps.example,10.14.2.122,10.14.2.0/24,,,down
cat-virtmac-di1.example,10.5.3.12,10.5.3.0/24,"[10.5.3.13]","[10.5.3.0/24]",down
cat-virtmac-di3.example,10.5.3.11,10.5.3.0/24,,,down
cat-virtmac-half1.example,10.5.58.11,10.5.58.0/24,,,down
cat-virtmac-half2.example,10.5.58.12,10.5.58.0/24,,,down
cat-virtmac-half3.example,10.5.58.13,10.5.58.0/24,,,down
cat-virtmac-baby1.example,10.14.2.99,10.14.2.0/24,,,down
cat-virtmac-lockbox1.example,10.11.3.11,10.11.3.0/24,,,up
cat-virtmac-enemy1.example,10.14.2.206,10.14.2.0/24,,,down
cat-virtmac-enemtc.example,10.5.5.11,10.5.5.0/24,,,down
cat-virtmac-enemtcserver.example,10.5.5.11,10.5.5.0/24,,,down
cat-virtmac-el.example,10.14.2.111,10.14.2.0/24,,,down
cat-virtmac-plasma-little.example,10.4.2.55,10.4.2.0/24,,,down
cat-virtmac-plasma-tiny.example,10.4.2.55,10.4.2.0/24,,,down
cat-virtmac-plasma1.example,10.5.25.14,10.5.25.0/24,,,down
cat-virtmac-plasma2.example,10.5.25.11,10.5.25.0/24,,,down
cat-virtmac-plasma3.example,10.5.25.13,10.5.25.0/24,,,down
cat-virtmac-plasma4.example,10.5.25.15,10.5.25.0/24,,,down
cat-virtmac-plasma5.example,10.5.25.12,10.5.25.0/24,,,down
cat-virtmac-plasma6.example,10.5.25.10,10.5.25.0/24,,,down
cat-virtmac-ow1.example,10.14.2.233,10.14.2.0/24,,,down
cat-virtmac-ow2.example,10.14.2.234,10.14.2.0/24,,,down
cat-virtmac-ow3.example,10.14.2.235,10.14.2.0/24,,,down
cat-virtmac-owlock1.example,10.7.1.6,10.7.1.0/24,,,down
cat-virtmac-owtck1.example,10.5.45.11,10.5.45.0/24,,,down
cat-virtmac-owtm.example,10.14.2.109,10.14.2.0/24,,,down
cat-virtmac-owtw.example,10.14.2.108,10.14.2.0/24,,,down
cat-virtmac-eb1.example,10.14.2.125,10.14.2.0/24,,,down
cat-virtmac-eb2.example,10.14.2.126,10.14.2.0/24,,,down
cat-virtmac-eb3.example,10.14.2.135,10.14.2.0/24,,,down
cat-virtmac-eb4.example,10.5.26.10,10.5.26.0/24,,,down
cat-virtmac-eb5.example,10.5.26.11,10.5.26.0/24,,,down
cat-virtmac-eb7.example,10.5.26.30,10.5.26.0/24,,,down
cat-virtmac-fet2.example,10.14.2.133,10.14.2.0/24,,,down
cat-virtmac-fet3.example,10.14.2.134,10.14.2.0/24,,,down
cat-virtmac-ad3.example,10.14.2.113,10.14.2.0/24,,,down
cat-virtmac-ad4.example,10.27.1.10,10.27.1.0/24,,,down
cat-virtmac-g26a.example,10.14.2.110,10.14.2.0/24,,,down
cat-virtmac-g26b.example,10.14.2.186,10.14.2.0/24,,,down
cat-virtmac-gct1.example,10.4.4.114,10.4.4.0/24,,,down
cat-virtmac-gct2.example,10.4.4.113,10.4.4.0/24,,,down
cat-virtmac-gct3.example,10.4.4.112,10.4.4.0/24,,,down
cat-virtmac-geh1.example,10.14.2.110,10.14.2.0/24,"[10.14.2.200]","[10.14.2.0/24]",down
cat-virtmac-geh2.example,10.14.2.186,10.14.2.0/24,,,down
cat-virtmac-geh3.example,10.14.2.187,10.14.2.0/24,,,down
cat-virtmac-geh5.example,10.14.2.230,10.14.2.0/24,,,down
cat-virtmac-hryan-crew.example,10.7.1.71,10.7.1.0/24,,,down
cat-virtmac-gr44.example,10.7.1.54,10.7.1.0/24,,,down
cat-virtmac-hasl.example,10.14.2.236,10.14.2.0/24,,,down
cat-virtmac-national1.example,10.5.57.11,10.5.57.0/24,,,down
cat-virtmac-national2.example,10.5.57.12,10.5.57.0/24,,,down
cat-virtmac-national3.example,10.5.57.13,10.5.57.0/24,,,down
cat-virtmac-hood.example,10.7.1.83,10.7.1.0/24,,,down
cat-virtmac-hta.example,10.14.2.26,10.14.2.0/24,,,down
cat-virtmac-hta1.example,10.5.38.10,10.5.38.0/24,,,down
cat-virtmac-art.example,10.5.7.10,10.5.7.0/24,,,down
cat-virtmac-art1.example,10.5.7.11,10.5.7.0/24,"[10.5.7.14,10.5.7.15]","[10.5.7.0/24,10.5.7.0/24]",down
cat-virtmac-art2.example,10.5.7.12,10.5.7.0/24,,,down
cat-virtmac-art3.example,10.5.7.13,10.5.7.0/24,,,down
cat-virtmac-art4.example,10.5.7.21,10.5.7.0/24,"[10.5.7.24,10.5.7.25]","[10.5.7.0/24,10.5.7.0/24]",down
cat-virtmac-art5.example,10.5.7.22,10.5.7.0/24,,,down
cat-virtmac-art6.example,10.5.7.23,10.5.7.0/24,,,down
cat-virtmac-twelve.example,10.14.2.179,10.14.2.0/24,,,down
cat-virtmac-twelve1.example,10.14.2.60,10.14.2.0/24,,,down
cat-virtmac-twelve2.example,10.5.21.10,10.5.21.0/24,,,down
cat-virtmac-twelve3.example,10.5.21.11,10.5.21.0/24,,,down
cat-virtmac-twelve4.example,10.14.2.60,10.14.2.0/24,,,down
cat-virtmac-twelve5.example,10.5.21.15,10.5.21.0/24,,,down
cat-virtmac-dryreporting.example,10.7.1.27,10.7.1.0/24,,,down
cat-virtmac-hug1.example,10.14.2.101,10.14.2.0/24,,,down
cat-virtmac-bastion1.example,10.26.2.20,10.26.2.0/24,,,down
cat-virtmac-brigade1.example,10.4.2.46,10.4.2.0/24,,,down
cat-virtmac-ankle1.example,10.7.1.6,10.7.1.0/24,,,down
cat-virtmac-dynamic1.example,10.14.2.57,10.14.2.0/24,,,down
cat-virtmac-dynamic2.example,10.14.2.59,10.14.2.0/24,,,down
cat-virtmac-fish1.example,10.14.2.63,10.14.2.0/24,,,down
cat-virtmac-fish2.example,10.14.2.69,10.14.2.0/24,,,down
cat-virtmac-fish3.example,10.14.2.70,10.14.2.0/24,,,down
cat-virtmac-fish4.example,10.14.2.71,10.14.2.0/24,,,down
cat-virtmac-fish5.example,10.14.2.72,10.14.2.0/24,,,down
cat-virtmac-grizzly1.example,10.5.37.100,10.5.37.0/24,,,down
cat-virtmac-wartime1.example,10.14.2.249,10.14.2.0/24,,,down
cat-virtmac-wartime.example,10.14.2.224,10.14.2.0/24,,,down
cat-virtmac-little-plasma.example,10.4.2.55,10.4.2.0/24,,,down
cat-virtmac-costume.example,10.14.2.195,10.14.2.0/24,,,down
cat-virtmac-imprint.example,10.5.8.10,10.5.8.0/24,,,down
cat-virtmac-imprint2.example,10.5.8.11,10.5.8.0/24,,,down
cat-virtmac-imprint3.example,10.5.8.20,10.5.8.0/24,,,down
cat-virtmac-imprint4.example,10.5.8.21,10.5.8.0/24,,,down
cat-virtmac-imprint5.example,10.11.1.20,10.11.1.0/24,,,down
cat-virtmac-imprint8.example,10.5.8.23,10.5.8.0/24,,,down
cat-virtmac-klek2.example,10.14.2.92,10.14.2.0/24,,,down
cat-virtmac-klek4.example,10.14.2.100,10.14.2.0/24,,,down
cat-virtmac-klek5.example,10.14.2.61,10.14.2.0/24,,,down
cat-virtmac-murky1.example,10.14.2.128,10.14.2.0/24,,,down
cat-virtmac-murky2.example,10.14.2.129,10.14.2.0/24,,,down
cat-virtmac-murky3.example,10.14.2.144,10.14.2.0/24,,,down
cat-virtmac-murky4.example,10.14.2.145,10.14.2.0/24,,,down
cat-virtmac-effective.example,10.14.2.97,10.14.2.0/24,,,down
cat-virtmac-again1.example,10.21.1.9,10.21.1.0/24,,,down
cat-virtmac-blue2.example,10.5.44.10,10.5.44.0/24,,,down
cat-virtmac-zombie1.example,10.5.51.10,10.5.51.0/24,,,down
cat-virtmac-zombie2.example,10.7.1.41,10.7.1.0/24,,,down
cat-virtmac-mkwe01.example,10.4.7.95,10.4.7.0/24,,,down
cat-virtmac-mkwe02.example,10.4.7.96,10.4.7.0/24,,,down
cat-virtmac-mkwe03.example,10.4.7.97,10.4.7.0/24,,,down
cat-virtmac-mkwe04.example,10.4.7.98,10.4.7.0/24,,,down
cat-virtmac-mkwe05.example,10.4.7.99,10.4.7.0/24,,,down
cat-virtmac-gorilla14.example,10.5.55.18,10.5.55.0/24,,,down
cat-virtmac-gorilla15.example,10.5.55.17,10.5.55.0/24,,,down
cat-virtmac-gorilla16.example,10.5.55.19,10.5.55.0/24,,,down
cat-virtmac-gorilla17.example,10.5.55.16,10.5.55.0/24,,,down
cat-virtmac-gorilla18.example,10.5.55.20,10.5.55.0/24,,,down
cat-virtmac-gorilla4.example,10.5.55.12,10.5.55.0/24,,,down
cat-virtmac-gorilla5.example,10.5.55.11,10.5.55.0/24,,,down
cat-virtmac-gorilla6.example,10.5.55.15,10.5.55.0/24,,,down
cat-virtmac-gorilla7.example,10.5.55.13,10.5.55.0/24,,,down
cat-virtmac-mht1.example,10.14.2.201,10.14.2.0/24,,,down
cat-virtmac-mibumble.example,10.4.7.103,10.4.7.0/24,,,down
cat-virtmac-miwf.example,10.5.11.11,10.5.11.0/24,,,down
cat-virtmac-mispt.example,10.5.10.10,10.5.10.0/24,,,down
cat-virtmac-miweg.example,10.5.11.10,10.5.11.0/24,,,down
cat-virtmac-wok1.example,10.14.2.218,10.14.2.0/24,,,down
cat-virtmac-sprite.example,10.5.24.11,10.5.24.0/24,,,down
cat-virtmac-shotgun.example,10.14.2.31,10.14.2.0/24,,,down
cat-virtmac-gaunt.example,10.7.1.37,10.7.1.0/24,,,down
cat-virtmac-gaunt1.example,10.5.52.10,10.5.52.0/24,,,down
cat-virtmac-gaunt2.example,10.5.52.11,10.5.52.0/24,,,down
cat-virtmac-gaunt3.example,10.5.52.12,10.5.52.0/24,,,down
cat-virtmac-gaunt4.example,10.5.52.13,10.5.52.0/24,,,down
cat-virtmac-gaunt7.example,10.5.52.16,10.5.52.0/24,,,down
cat-virtmac-gaunt8.example,10.5.52.17,10.5.52.0/24,,,down
cat-virtmac-gaunt9.example,10.5.52.18,10.5.52.0/24,,,down
cat-virtmac-charisma.example,10.5.54.10,10.5.54.0/24,,,down
cat-virtmac-paper04.example,10.5.27.13,10.5.27.0/24,,,down
cat-virtmac-dropping.example,10.7.1.86,10.7.1.0/24,,,down
cat-virtmac-tyfr.example,10.14.2.90,10.14.2.0/24,,,down
cat-virtmac-vy1.gaunt.example,10.5.52.19,10.5.52.0/24,,,down
cat-virtmac-vy2.gaunt.example,10.5.52.20,10.5.52.0/24,,,down
cat-virtmac-vy3.gaunt.example,10.5.52.21,10.5.52.0/24,,,down
cat-virtmac-vy31.gaunt2.example,10.5.52.31,10.5.52.0/24,,,down
cat-virtmac-vy32.gaunt2.example,10.5.52.28,10.5.52.0/24,,,down
cat-virtmac-vy33.gaunt2.example,10.5.52.32,10.5.52.0/24,,,down
cat-virtmac-vy34.gaunt2.example,10.5.52.35,10.5.52.0/24,,,down
cat-virtmac-vy35.gaunt2.example,10.5.52.34,10.5.52.0/24,,,down
cat-virtmac-vy36.gaunt2.example,10.5.52.36,10.5.52.0/24,,,down
cat-virtmac-vy37.gaunt2.example,10.5.52.33,10.5.52.0/24,,,down
cat-virtmac-vy38.gaunt2.example,10.5.52.29,10.5.52.0/24,,,down
cat-virtmac-vy39.gaunt2.example,10.5.52.30,10.5.52.0/24,,,down
cat-virtmac-vy4.gaunt.example,10.5.52.22,10.5.52.0/24,,,down
cat-virtmac-vy41.example,10.5.52.37,10.5.52.0/24,,,down
cat-virtmac-vy42.example,10.5.52.38,10.5.52.0/24,,,down
cat-virtmac-vy43.example,10.5.52.39,10.5.52.0/24,,,down
cat-virtmac-vy44.example,10.5.52.40,10.5.52.0/24,,,down
cat-virtmac-vy45.example,10.5.52.41,10.5.52.0/24,,,down
cat-virtmac-vy46.example,10.5.52.42,10.5.52.0/24,,,down
cat-virtmac-vy47.example,10.5.52.43,10.5.52.0/24,,,down
cat-virtmac-vy48.example,10.5.52.44,10.5.52.0/24,,,down
cat-virtmac-vy49.example,10.5.52.45,10.5.52.0/24,,,down
cat-virtmac-vy5.gaunt.example,10.5.52.23,10.5.52.0/24,,,down
cat-virtmac-vy6.gaunt.example,10.5.52.24,10.5.52.0/24,,,down
cat-virtmac-vy7.gaunt.example,10.5.52.25,10.5.52.0/24,,,down
cat-virtmac-vy8.gaunt.example,10.5.52.26,10.5.52.0/24,,,down
cat-virtmac-vy9.gaunt.example,10.5.52.27,10.5.52.0/24,,,down
cat-virtmac-vycat1.example,10.5.52.14,10.5.52.0/24,,,down
cat-virtmac-vycat2.example,10.5.52.15,10.5.52.0/24,,,down
cat-virtmac-nuk.example,10.14.2.238,10.14.2.0/24,,,down
cat-virtmac-challenge1.example,10.5.50.10,10.5.50.0/24,,,down
cat-virtmac-honeybee.example,10.14.2.76,10.14.2.0/24,,,down
cat-virtmac-eh2.example,10.5.50.11,10.5.50.0/24,,,down
cat-virtmac-eh3.example,10.5.50.30,10.5.50.0/24,,,down
cat-virtmac-eh4.example,10.5.50.31,10.5.50.0/24,,,down
cat-virtmac-eh5.example,10.5.50.32,10.5.50.0/24,,,down
cat-virtmac-pesky-app-cat1.example,10.7.1.6,10.7.1.0/24,,,down
cat-virtmac-insanity.example,10.14.2.51,10.14.2.0/24,,,down
cat-virtmac-df1.example,10.14.2.158,10.14.2.0/24,,,down
cat-virtmac-dfem.example,10.14.2.159,10.14.2.0/24,,,down
cat-virtmac-dfx1.example,10.5.35.10,10.5.35.0/24,,,down
cat-virtmac-dfx2.example,10.5.35.11,10.5.35.0/24,,,down
cat-virtmac-dfx5.example,10.5.35.21,10.5.35.0/24,,,down
cat-virtmac-feudal1.example,10.14.2.223,10.14.2.0/24,,,down
cat-virtmac-sparkler1.example,10.14.2.62,10.14.2.0/24,,,down
cat-virtmac-cold1.example,10.14.2.181,10.14.2.0/24,,,down
cat-virtmac-coldt.example,10.14.2.173,10.14.2.0/24,,,down
cat-virtmac-philosophy0.example,10.7.1.57,10.7.1.0/24,,,down
cat-virtmac-philosophy1.example,10.5.47.12,10.5.47.0/24,,,down
cat-virtmac-philosophy2.example,10.5.47.10,10.5.47.0/24,,,down
cat-virtmac-philosophy3.example,10.5.47.11,10.5.47.0/24,,,down
cat-virtmac-philosophy4.example,10.7.1.60,10.7.1.0/24,,,down
cat-virtmac-philosophy5.example,10.5.47.13,10.5.47.0/24,,,down
cat-virtmac-philosophy6.example,10.5.47.16,10.5.47.0/24,,,down
cat-virtmac-philosophy7.example,10.5.47.14,10.5.47.0/24,,,down
cat-virtmac-philosophy8.example,10.5.47.15,10.5.47.0/24,,,down
cat-virtmac-call1.example,10.4.7.100,10.4.7.0/24,,,down
cat-virtmac-biblical.example,10.7.1.91,10.7.1.0/24,,,down
cat-virtmac-boxtowt.example,10.7.1.86,10.7.1.0/24,,,down
cat-virtmac-boxtowt2.example,10.7.1.112,10.7.1.0/24,,,down
cat-virtmac-boxtwo.example,10.7.1.109,10.7.1.0/24,,,down
cat-virtmac-slap01.example,10.5.56.11,10.5.56.0/24,,,down
cat-virtmac-slap02.example,10.5.56.30,10.5.56.0/24,,,down
cat-virtmac-slap03.example,10.5.56.35,10.5.56.0/24,,,down
cat-virtmac-slap04.example,10.5.56.32,10.5.56.0/24,,,down
cat-virtmac-slap05.example,10.5.56.55,10.5.56.0/24,,,down
cat-virtmac-slap06.example,10.5.56.28,10.5.56.0/24,,,down
cat-virtmac-slap07.example,10.5.56.20,10.5.56.0/24,,,down
cat-virtmac-slap08.example,10.5.56.21,10.5.56.0/24,,,down
cat-virtmac-slap09.example,10.5.56.33,10.5.56.0/24,,,down
cat-virtmac-slap10.example,10.5.56.25,10.5.56.0/24,,,down
cat-virtmac-slap11.example,10.5.56.34,10.5.56.0/24,,,down
cat-virtmac-slap12.example,10.5.56.31,10.5.56.0/24,,,down
cat-virtmac-geometric.example,10.5.52.14,10.5.52.0/24,"[10.5.52.41]","[10.5.52.0/24]",down
cat-virtmac-geometric.gaunt.example,10.5.52.23,10.5.52.0/24,"[10.5.52.41]","[10.5.52.0/24]",down
cat-virtmac-geometric31.example,10.7.1.36,10.7.1.0/24,,,down
cat-virtmac-geometric31.gaunt.example,10.7.1.36,10.7.1.0/24,,,down
cat-virtmac-geometric32.example,10.7.1.37,10.7.1.0/24,,,down
cat-virtmac-geometric32.gaunt.example,10.7.1.37,10.7.1.0/24,,,down
cat-virtmac-geometric33.example,10.7.1.54,10.7.1.0/24,,,down
cat-virtmac-geometric33.gaunt.example,10.7.1.52,10.7.1.0/24,,,down
cat-virtmac-geometric34.gaunt.example,10.7.1.54,10.7.1.0/24,,,down
cat-virtmac-geometricapi.example,10.5.52.16,10.5.52.0/24,"[10.5.52.17]","[10.5.52.0/24]",down
cat-virtmac-powecaseul1.example,10.14.2.91,10.14.2.0/24,,,down
cat-virtmac-blueprint-uprising01.example,10.7.1.87,10.7.1.0/24,,,down
cat-virtmac-blueprint-uprising02.example,10.7.1.31,10.7.1.0/24,,,down
cat-virtmac-fizz1.example,10.5.48.10,10.5.48.0/24,,,down
cat-virtmac-grave1.example,10.14.2.45,10.14.2.0/24,,,down
cat-virtmac-grave2.example,10.14.2.46,10.14.2.0/24,,,down
cat-virtmac-grave3.example,10.14.2.48,10.14.2.0/24,,,down
cat-virtmac-grave4.example,10.14.2.221,10.14.2.0/24,,,down
cat-virtmac-grave5.example,10.5.36.10,10.5.36.0/24,,,down
cat-virtmac-grave6.example,10.5.36.12,10.5.36.0/24,,,down
cat-virtmac-grave7.example,10.5.36.10,10.5.36.0/24,,,down
cat-virtmac-case1.example,10.5.13.10,10.5.13.0/24,,,down
cat-virtmac-case2.example,10.5.13.11,10.5.13.0/24,,,down
cat-virtmac-case3.example,10.5.13.12,10.5.13.0/24,,,down
cat-virtmac-case4.example,10.5.13.13,10.5.13.0/24,,,down
cat-virtmac-case5.example,10.5.13.14,10.5.13.0/24,,,down
cat-virtmac-case6.example,10.5.13.15,10.5.13.0/24,,,down
cat-virtmac-case7.example,10.5.13.16,10.5.13.0/24,,,down
cat-virtmac-casec1.example,10.2.4.137,10.2.4.0/24,,,down
cat-virtmac-ipooi.example,10.14.2.185,10.14.2.0/24,,,down
cat-virtmac-surreal.example,10.14.2.28,10.14.2.0/24,,,down
cat-virtmac-farm.example,10.14.2.33,10.14.2.0/24,,,down
cat-virtmac-circling.example,10.7.1.83,10.7.1.0/24,,,down
cat-virtmac-ceremony.example,10.14.2.49,10.14.2.0/24,,,down
cat-virtmac-crop4.example,10.14.2.215,10.14.2.0/24,,,down
cat-virtmac-crop5.example,10.14.2.239,10.14.2.0/24,,,down
cat-virtmac-crop6.example,10.5.20.10,10.5.20.0/24,,,down
cat-virtmac-crop7.example,10.14.2.220,10.14.2.0/24,,,down
cat-virtmac-crop8.example,10.5.20.11,10.5.20.0/24,,,down
cat-virtmac-trial1.example,10.5.42.11,10.5.42.0/24,,,down
cat-virtmac-trial2.example,10.5.42.12,10.5.42.0/24,,,down
cat-virtmac-trialalso1.example,10.5.30.11,10.5.30.0/24,,,down
cat-virtmac-trialalso2.example,10.5.30.12,10.5.30.0/24,,,down
cat-virtmac-trialalso3.example,10.5.30.13,10.5.30.0/24,,,down
cat-virtmac-bland.example,10.14.2.56,10.14.2.0/24,,,down
cat-virtmac-wire-t.example,10.14.2.31,10.14.2.0/24,"[10.14.2.32]","[10.14.2.0/24]",down
cat-virtmac-wire1.example,10.14.2.120,10.14.2.0/24,"[10.14.2.122,10.14.2.123,10.14.2.124]","[10.14.2.0/24,10.14.2.0/24,10.14.2.0/24]",down
cat-virtmac-wire2.example,10.14.2.121,10.14.2.0/24,"[10.14.2.125,10.14.2.126,10.14.2.127]","[10.14.2.0/24,10.14.2.0/24,10.14.2.0/24]",down
cat-virtmac-landspacecomp1.example,10.7.1.40,10.7.1.0/24,,,down
cat-virtmac-flinch1.example,10.14.2.29,10.14.2.0/24,,,down
cat-virtmac-flinch1a.example,10.5.31.10,10.5.31.0/24,,,down
cat-virtmac-flinch1b.example,10.5.31.11,10.5.31.0/24,,,down
cat-virtmac-flinch2.example,10.14.2.142,10.14.2.0/24,,,down
cat-virtmac-flinch3.example,10.10.2.10,10.10.2.0/24,,,down
cat-virtmac-sseg1.example,10.14.2.121,10.14.2.0/24,,,down
cat-virtmac-rnt1.example,10.5.17.10,10.5.17.0/24,,,down
cat-virtmac-rnt2.example,10.5.17.11,10.5.17.0/24,,,down
cat-virtmac-rnt3.example,10.5.17.12,10.5.17.0/24,,,down
cat-virtmac-rnt4.example,10.5.17.13,10.5.17.0/24,,,down
cat-virtmac-early.example,10.14.2.25,10.14.2.0/24,,,down
cat-virtmac-cvb.example,10.14.2.237,10.14.2.0/24,,,down
cat-virtmac-kdf1.example,10.5.4.11,10.5.4.0/24,,,down
cat-virtmac-t62.example,10.7.1.53,10.7.1.0/24,,,down
cat-virtmac-t63.example,10.7.1.54,10.7.1.0/24,,,down
cat-virtmac-t64.example,10.7.1.52,10.7.1.0/24,,,down
cat-virtmac-t72.example,10.7.1.52,10.7.1.0/24,,,down
cat-virtmac-t73.example,10.7.1.53,10.7.1.0/24,,,down
cat-virtmac-t74.example,10.7.1.53,10.7.1.0/24,,,down
cat-virtmac-t75.example,10.7.1.54,10.7.1.0/24,,,down
cat-virtmac-t76.example,10.7.1.52,10.7.1.0/24,,,down
cat-virtmac-t77.example,10.7.1.52,10.7.1.0/24,,,down
cat-virtmac-t79.example,10.7.1.52,10.7.1.0/24,,,down
cat-virtmac-td1.example,10.2.3.12,10.2.3.0/24,,,down
cat-virtmac-nebula-ne.example,10.5.6.12,10.5.6.0/24,,,down
cat-virtmac-nebula-sc.example,10.5.6.13,10.5.6.0/24,,,down
cat-virtmac-tq1.example,10.5.18.10,10.5.18.0/24,,,down
cat-virtmac-tq.example,10.5.18.11,10.5.18.0/24,,,down
cat-virtmac-tq3.example,10.5.18.12,10.5.18.0/24,,,down
cat-virtmac-tq4.example,10.5.18.13,10.5.18.0/24,,,down
cat-virtmac-tq5.example,10.5.18.14,10.5.18.0/24,,,down
cat-virtmac-tq6.example,10.5.18.15,10.5.18.0/24,,,down
cat-virtmac-ubuntu-rare-base.example,10.7.1.115,10.7.1.0/24,,,down
cat-virtmac-g1.example,10.5.46.16,10.5.46.0/24,,,down
cat-virtmac-banana1-map.example,10.5.38.11,10.5.38.0/24,,,down
cat-virtmac-banana1.example,10.5.37.10,10.5.37.0/24,,,down
cat-virtmac-bcnt.example,10.2.2.11,10.2.2.0/24,,,down
cat-virtmac-final1.example,10.4.3.12,10.4.3.0/24,,,down
cat-virtmac-constant.example,10.7.1.90,10.7.1.0/24,,,down
cat-virtmac-vsez.example,10.4.3.13,10.4.3.0/24,,,down
cat-virtmac-vbait.example,10.2.2.14,10.2.2.0/24,,,down
cat-virtmac-vuc1.example,10.5.22.10,10.5.22.0/24,,,down
cat-virtmac-vv-ow01.example,10.7.1.42,10.7.1.0/24,,,down
cat-virtmac-vv-ow02.example,10.7.1.50,10.7.1.0/24,,,down
cat-virtmac-vv-ow03.example,10.7.1.53,10.7.1.0/24,,,down
cat-virtmac-vv-ow04.example,10.7.1.55,10.7.1.0/24,,,down
cat-virtmac-vv-etl1.example,10.11.2.11,10.11.2.0/24,,,down
cat-virtmac-vv-deepwater-01.example,10.7.1.4,10.7.1.0/24,,,down
cat-virtmac-vv-deepwater01.example,10.7.1.42,10.7.1.0/24,,,down
cat-virtmac-vv-deepwater02.example,10.7.1.89,10.7.1.0/24,,,down
cat-virtmac-vv-entropy01.example,10.7.1.4,10.7.1.0/24,,,down
cat-virtmac-vv-viper01.example,10.7.1.90,10.7.1.0/24,,,down
cat-virtmac-vv-boar01.example,10.7.1.40,10.7.1.0/24,,,down
cat-virtmac-vv-boar02.example,10.7.1.82,10.7.1.0/24,,,down
cat-virtmac-fake-fail.example,10.5.39.17,10.5.39.0/24,,,down
cat-virtmac-fake1.example,10.5.39.11,10.5.39.0/24,,,down
cat-virtmac-fake2.example,10.5.39.12,10.5.39.0/24,,,down
cat-virtmac-fake3.example,10.5.39.13,10.5.39.0/24,,,down
cat-virtmac-fake5.example,10.5.39.15,10.5.39.0/24,,,down
cat-virtmac-w1.example,10.4.2.62,10.4.2.0/24,,,down
cat-virtmac-w2.example,10.4.2.35,10.4.2.0/24,,,down
cat-virtmac-menace-compute.example,10.7.1.18,10.7.1.0/24,,,down
cat-virtmac-menace-gateway2.example,10.7.1.19,10.7.1.0/24,,,down
cat-virtmac-menace-server.example,10.7.1.13,10.7.1.0/24,,,down
cat-virtmac-compound1.example,10.14.2.196,10.14.2.0/24,,,down
cat-virtmac-compound2.example,10.14.2.197,10.14.2.0/24,,,down
cat-virtmac-compound3.example,10.14.2.198,10.14.2.0/24,,,down
cat-virtmac-helpless1.example,10.26.2.21,10.26.2.0/24,,,down
cat-virtmac-wkdefinitive1.example,10.4.7.106,10.4.7.0/24,,,down
cat-virtmac-ly1.example,10.4.7.102,10.4.7.0/24,,,down
cat-virtmac-pwe1.example,10.14.2.138,10.14.2.0/24,,,down
cat-virtmac-x-bowyer-01.example,10.7.1.2,10.7.1.0/24,,,down
cat-virtmac-x-halting-01.example,10.7.1.2,10.7.1.0/24,,,down
cat-virtmac-x-postgrow-towting-01.example,10.7.1.79,10.7.1.0/24,,,down
cat-virtmac-c8-cat.example,10.3.1.48,10.3.1.0/24,,,down
cat-virtmac-c8-towt.example,10.3.1.47,10.3.1.0/24,,,down
cat-virtmac-c8grounds.example,10.11.3.12,10.11.3.0/24,,,down
cat-virtmac-dbp-cat.example,10.14.2.197,10.14.2.0/24,,,down
cat-virtmac-dbp-towt.example,10.3.1.29,10.3.1.0/24,,,down
cat-virtmac-donation1.example,10.14.2.21,10.14.2.0/24,,,down
cat-virtmac-cjds.example,10.3.1.49,10.3.1.0/24,,,down
cat-virtmac-csunrise-cat.example,10.3.1.29,10.3.1.0/24,,,down
cat-virtmac-csunrise-towt.example,10.3.1.28,10.3.1.0/24,,,down
cat-virtmac-cafternoon-towt.example,10.5.34.20,10.5.34.0/24,,,down
cat-virtmac-cafternoon.example,10.5.34.10,10.5.34.0/24,,,down
cat-virtmac-scream1.example,10.5.33.10,10.5.33.0/24,,,down
cat-virtmac-scream2.example,10.4.2.145,10.4.2.0/24,,,down
cat-virtmac-mood2.example,10.5.41.11,10.5.41.0/24,,,down
cat-virtmac-mood3.example,10.5.41.12,10.5.41.0/24,,,down
cat-virtmac-moodenh3.example,10.7.1.110,10.7.1.0/24,,,down
cat-virtmac-moodphase3.example,10.7.1.16,10.7.1.0/24,,,down
cat-virtmac-moodupdate.example,10.7.1.16,10.7.1.0/24,,,down
cat-vgp-ab.example,10.4.2.235,10.4.2.0/24,,,down
cat-vgp-ad.example,10.4.2.56,10.4.2.0/24,,,down
cat-vgp-ay.example,10.4.2.213,10.4.2.0/24,,,down
cat-vgp-ayal.example,10.4.2.193,10.4.2.0/24,,,down
cat-vgp-bc.example,10.4.2.214,10.4.2.0/24,,,down
cat-vgp-bg.example,10.14.2.169,10.14.2.0/24,,,down
cat-vgp-bn.example,10.4.2.254,10.4.2.0/24,,,down
cat-vgp-demonstration01.example,10.4.3.41,10.4.3.0/24,,,down
cat-vgp-demonstration02.example,10.4.3.40,10.4.3.0/24,,,down
cat-vgp-demonstration03.example,10.4.3.42,10.4.3.0/24,,,down
cat-vgp-demonstration04.example,10.4.3.57,10.4.3.0/24,,,down
cat-vgp-demonstration05.example,10.4.3.44,10.4.3.0/24,,,down
cat-vgp-demonstration06.example,10.4.3.43,10.4.3.0/24,,,down
cat-vgp-demonstration07.example,10.4.3.46,10.4.3.0/24,,,down
cat-vgp-demonstration08.example,10.4.3.60,10.4.3.0/24,,,down
cat-vgp-demonstration09.example,10.4.3.47,10.4.3.0/24,,,down
cat-vgp-demonstration10.example,10.4.3.45,10.4.3.0/24,,,down
cat-vgp-demonstration11.example,10.4.3.50,10.4.3.0/24,,,down
cat-vgp-demonstration12.example,10.4.3.59,10.4.3.0/24,,,down
cat-vgp-demonstration13.example,10.4.3.49,10.4.3.0/24,,,down
cat-vgp-demonstration14.example,10.4.3.48,10.4.3.0/24,,,down
cat-vgp-demonstration15.example,10.4.3.51,10.4.3.0/24,,,down
cat-vgp-demonstration16.example,10.4.3.58,10.4.3.0/24,,,down
cat-vgp-edwinlw7.example,10.2.2.27,10.2.2.0/24,,,down
cat-vgp-edwinlxp.example,10.2.2.24,10.2.2.0/24,,,down
cat-vgp-bpm1.example,10.4.2.106,10.4.2.0/24,,,down
cat-vgp-bv.example,10.4.2.41,10.4.2.0/24,,,down
cat-vgp-bv1.example,10.4.2.42,10.4.2.0/24,,,down
cat-vgp-bz.example,10.4.2.222,10.4.2.0/24,,,down
cat-vgp-ch.example,10.14.2.183,10.14.2.0/24,,,down
cat-vgp-cr.example,10.4.2.185,10.4.2.0/24,,,down
cat-vgp-cv.example,10.4.2.24,10.4.2.0/24,,,down
cat-vgp-dpowell.example,10.4.2.112,10.4.2.0/24,,,down
cat-vgp-malva.example,10.4.3.20,10.4.3.0/24,,,down
cat-vgp-hi1.example,10.14.2.217,10.14.2.0/24,,,down
cat-vgp-qw.example,10.4.2.253,10.4.2.0/24,,,down
cat-vgp-jlane1.example,10.4.2.101,10.4.2.0/24,,,down
cat-vgp-jhamilton.example,10.4.2.170,10.4.2.0/24,,,down
cat-vgp-tea1.example,10.14.2.200,10.14.2.0/24,,,down
cat-vgp-tea5.example,10.14.2.229,10.14.2.0/24,,,down
cat-vgp-pimg1.example,10.14.2.216,10.14.2.0/24,,,down
cat-vgp-uh.example,10.4.2.32,10.4.2.0/24,,,down
cat-vgp-uh2.example,10.4.2.48,10.4.2.0/24,,,down
cat-vgp-fg1.example,10.4.2.140,10.4.2.0/24,,,down
cat-vgp-yu.example,10.14.2.227,10.14.2.0/24,,,down
cat-vgp-distant1.example,10.4.2.92,10.4.2.0/24,,,down
cat-vgp-nervous.example,10.4.2.232,10.4.2.0/24,,,down
cat-vgp-jv.example,10.4.2.22,10.4.2.0/24,,,down
cat-vgp-jv2.example,10.4.2.30,10.4.2.0/24,,,down
cat-vgp-jvmpa.example,10.2.2.21,10.2.2.0/24,,,down
cat-vgp-pr.example,10.4.2.215,10.4.2.0/24,,,down
cat-vgp-ga1.example,10.3.1.34,10.3.1.0/24,,,down
cat-vgp-ga2.example,10.3.1.35,10.3.1.0/24,,,down
cat-vgp-emarshall.example,10.14.2.190,10.14.2.0/24,,,down
cat-vgp-as1.example,10.4.2.194,10.4.2.0/24,,,down
cat-vgp-lzimmerman.example,10.2.2.36,10.2.2.0/24,,,down
cat-vgp-ky.example,10.4.2.53,10.4.2.0/24,,,down
cat-vgp-ki.example,10.14.2.225,10.14.2.0/24,,,down
cat-vgp-kparsons.example,10.4.2.111,10.4.2.0/24,,,down
cat-vgp-alic1.example,10.4.2.111,10.4.2.0/24,,,down
cat-vgp-bx1.example,10.3.1.22,10.3.1.0/24,,,down
cat-vgp-bx2.example,10.3.1.21,10.3.1.0/24,,,down
cat-vgp-if.example,10.4.2.252,10.4.2.0/24,,,down
cat-vgp-if2.example,10.4.2.40,10.4.2.0/24,,,down
cat-vgp-pwerd.example,10.2.2.32,10.2.2.0/24,,,down
cat-vgp-ml-b1.example,10.4.2.139,10.4.2.0/24,,,down
cat-vgp-poir764.example,10.2.2.34,10.2.2.0/24,,,down
cat-vgp-poirxp.example,10.2.2.43,10.2.2.0/24,,,down
cat-vgp-scasey.example,10.4.2.197,10.4.2.0/24,,,down
cat-vgp-bo.example,10.4.2.64,10.4.2.0/24,,,down
cat-vgp-tbeck.example,10.4.2.113,10.4.2.0/24,,,down
cat-vgp-tbeck1.example,10.4.2.126,10.4.2.0/24,,,down
cat-vgp-zz1.example,10.2.2.77,10.2.2.0/24,,,down
cat-vgp-zz10.example,10.2.2.17,10.2.2.0/24,,,down
cat-vgp-zz11.example,10.2.2.19,10.2.2.0/24,,,down
cat-vgp-zz12.example,10.2.2.18,10.2.2.0/24,,,down
cat-vgp-zz2.example,10.2.2.78,10.2.2.0/24,,,down
cat-vgp-zz3.example,10.2.2.79,10.2.2.0/24,,,down
cat-vgp-zz4.example,10.2.2.80,10.2.2.0/24,,,down
cat-vgp-zz5.example,10.2.2.81,10.2.2.0/24,,,down
cat-vgp-zz6.example,10.2.2.27,10.2.2.0/24,,,down
cat-vgp-zz7.example,10.2.2.82,10.2.2.0/24,,,down
cat-vgp-zz8.example,10.2.2.84,10.2.2.0/24,,,down
cat-vgp-zz9.example,10.2.2.83,10.2.2.0/24,,,down
cat-vgp-authority.example,10.4.7.137,10.4.7.0/24,,,down
cat-vgp-opevypa.example,10.14.2.231,10.14.2.0/24,,,down
cat-vgp-opa3.example,10.5.12.10,10.5.12.0/24,,,down
cat-vgp-opa.example,10.14.2.143,10.14.2.0/24,,,down
cat-vgp-l1.example,10.2.2.26,10.2.2.0/24,,,down
cat-vgp-l10.example,10.4.3.32,10.4.3.0/24,,,down
cat-vgp-l11.example,10.4.3.55,10.4.3.0/24,,,down
cat-vgp-l12.example,10.2.2.39,10.2.2.0/24,,,down
cat-vgp-l14.example,10.2.2.25,10.2.2.0/24,,,down
cat-vgp-l15.example,10.2.2.24,10.2.2.0/24,,,down
cat-vgp-l16.example,10.4.3.35,10.4.3.0/24,,,down
cat-vgp-l17.example,10.2.2.44,10.2.2.0/24,,,down
cat-vgp-l18.example,10.2.2.45,10.2.2.0/24,,,down
cat-vgp-l19.example,10.4.3.21,10.4.3.0/24,,,down
cat-vgp-l2.example,10.4.3.26,10.4.3.0/24,,,down
cat-vgp-l20.example,10.4.3.30,10.4.3.0/24,,,down
cat-vgp-l21.example,10.2.2.49,10.2.2.0/24,,,down
cat-vgp-l3.example,10.4.3.33,10.4.3.0/24,,,down
cat-vgp-l31.example,10.4.3.64,10.4.3.0/24,,,down
cat-vgp-l32.example,10.4.3.22,10.4.3.0/24,,,down
cat-vgp-l33.example,10.4.3.25,10.4.3.0/24,,,down
cat-vgp-l34.example,10.4.3.56,10.4.3.0/24,,,down
cat-vgp-l35.example,10.4.3.23,10.4.3.0/24,,,down
cat-vgp-l36.example,10.4.3.27,10.4.3.0/24,,,down
cat-vgp-l37.example,10.4.3.24,10.4.3.0/24,,,down
cat-vgp-l38.example,10.4.3.39,10.4.3.0/24,,,down
cat-vgp-l39.example,10.4.3.54,10.4.3.0/24,,,down
cat-vgp-l4.example,10.2.2.31,10.2.2.0/24,,,down
cat-vgp-l40.example,10.4.3.38,10.4.3.0/24,,,down
cat-vgp-l5.example,10.4.3.28,10.4.3.0/24,,,down
cat-vgp-l6.example,10.4.3.34,10.4.3.0/24,,,down
cat-vgp-l7.example,10.4.3.31,10.4.3.0/24,,,down
cat-vgp-l8.example,10.4.3.29,10.4.3.0/24,,,down
cat-vgp-l9.example,10.2.2.36,10.2.2.0/24,,,down
cat-vgp-lya01.example,10.4.3.52,10.4.3.0/24,,,down
cat-vgp-lya02.example,10.4.3.63,10.4.3.0/24,,,down
cat-vgp-lya03.example,10.4.3.53,10.4.3.0/24,,,down
cat-vgp-lya04.example,10.4.3.61,10.4.3.0/24,,,down
cat-vgp-lya05.example,10.4.3.67,10.4.3.0/24,,,down
cat-vgp-lya06.example,10.4.3.62,10.4.3.0/24,,,down
cat-vgp-lya07.example,10.4.3.66,10.4.3.0/24,,,down
cat-vgp-lya08.example,10.4.3.65,10.4.3.0/24,,,down
cat-vgp-grave1.example,10.14.2.47,10.14.2.0/24,,,down
cat-vgp-grave5.example,10.5.36.11,10.5.36.0/24,,,down
cat-vgp-case7.example,10.14.2.222,10.14.2.0/24,,,down
cat-vgp-wr.example,10.4.2.25,10.4.2.0/24,,,down
cat-vgp-ib.example,10.4.2.33,10.4.2.0/24,,,down
cat-vgp-pq.example,10.14.2.64,10.14.2.0/24,,,down
cat-vgp-zt.example,10.4.2.19,10.4.2.0/24,,,down
cat-vgp-jix1.example,10.14.2.226,10.14.2.0/24,,,down
cat-vgp-jix2.example,10.14.2.172,10.14.2.0/24,,,down
cat-vgp-jix3.example,10.14.2.174,10.14.2.0/24,,,down
cat-vgp-jix4.example,10.14.2.175,10.14.2.0/24,,,down
cat-vgp-jix6.example,10.14.2.20,10.14.2.0/24,,,down
cat-vgp-child1.example,10.5.30.14,10.5.30.0/24,,,down
cat-vgp-begging.example,10.4.2.96,10.4.2.0/24,,,down
cat-vgp-pitch1.example,10.4.2.187,10.4.2.0/24,,,down
cat-vgp-xo.example,10.4.2.52,10.4.2.0/24,,,down
cat-vgp-su.example,10.14.2.95,10.14.2.0/24,,,down
cat-vgp-su1.example,10.4.3.37,10.4.3.0/24,,,down
cat-vgp-su2.example,10.4.2.168,10.4.2.0/24,,,down
cat-vgp-rb.example,10.4.2.224,10.4.2.0/24,,,down
cat-vgp-penguin.example,10.14.2.112,10.14.2.0/24,,,down
cat-vgp-foggy1.example,10.14.2.83,10.14.2.0/24,,,down
cat-vgp-foggy2.example,10.14.2.84,10.14.2.0/24,,,down
cat-vgp-w7p10.example,10.4.2.82,10.4.2.0/24,,,down
cat-vgp-w7p1041.example,10.4.2.106,10.4.2.0/24,,,down
cat-vgp-w7p1083.example,10.4.2.116,10.4.2.0/24,,,down
cat-vgp-w7p11.example,10.4.2.83,10.4.2.0/24,,,down
cat-vgp-w7p1145.example,10.4.2.31,10.4.2.0/24,,,down
cat-vgp-w7p144.example,10.4.2.89,10.4.2.0/24,,,down
cat-vgp-w7p1873.example,10.4.2.71,10.4.2.0/24,,,down
cat-vgp-w7p19.example,10.4.2.88,10.4.2.0/24,,,down
cat-vgp-w7p2.example,10.4.2.74,10.4.2.0/24,,,down
cat-vgp-w7p3.example,10.4.2.37,10.4.2.0/24,,,down
cat-vgp-w7p311.example,10.4.2.99,10.4.2.0/24,,,down
cat-vgp-w7p35.example,10.4.2.78,10.4.2.0/24,,,down
cat-vgp-w7p3889.example,10.4.2.121,10.4.2.0/24,,,down
cat-vgp-w7p3891.example,10.4.2.125,10.4.2.0/24,,,down
cat-vgp-w7p3895.example,10.4.2.102,10.4.2.0/24,,,down
cat-vgp-w7p3897.example,10.4.2.96,10.4.2.0/24,,,down
cat-vgp-w7p3900.example,10.4.2.81,10.4.2.0/24,,,down
cat-vgp-w7p3902.example,10.4.2.127,10.4.2.0/24,,,down
cat-vgp-w7p3935.example,10.4.2.101,10.4.2.0/24,,,down
cat-vgp-w7p3939.example,10.4.2.131,10.4.2.0/24,,,down
cat-vgp-w7p4.example,10.4.2.70,10.4.2.0/24,,,down
cat-vgp-w7p416.example,10.4.2.100,10.4.2.0/24,,,down
cat-vgp-w7p4466.example,10.4.2.130,10.4.2.0/24,,,down
cat-vgp-w7p456.example,10.4.2.105,10.4.2.0/24,,,down
cat-vgp-w7p460.example,10.4.2.108,10.4.2.0/24,,,down
cat-vgp-w7p4729.example,10.4.2.138,10.4.2.0/24,,,down
cat-vgp-w7p4730.example,10.4.2.67,10.4.2.0/24,,,down
cat-vgp-w7p4733.example,10.4.2.142,10.4.2.0/24,,,down
cat-vgp-w7p4735.example,10.4.2.139,10.4.2.0/24,,,down
cat-vgp-w7p4743.example,10.4.2.14,10.4.2.0/24,,,down
cat-vgp-w7p4746.example,10.4.2.59,10.4.2.0/24,,,down
cat-vgp-w7p4752.example,10.4.2.146,10.4.2.0/24,,,down
cat-vgp-w7p4756.example,10.4.2.114,10.4.2.0/24,,,down
cat-vgp-w7p4758.example,10.4.2.149,10.4.2.0/24,,,down
cat-vgp-w7p4772.example,10.4.2.154,10.4.2.0/24,,,down
cat-vgp-w7p5.example,10.4.2.66,10.4.2.0/24,,,down
cat-vgp-w7p6.example,10.4.2.75,10.4.2.0/24,,,down
cat-vgp-w7p7.example,10.4.2.76,10.4.2.0/24,,,down
cat-vgp-w7p9.example,10.4.2.79,10.4.2.0/24,,,down
cat-vgp-ers1-binding.example,10.14.2.80,10.14.2.0/24,,,down
cat-vgp-er.example,10.4.2.123,10.4.2.0/24,,,down
cat-vgp-rgoodwin.example,10.4.3.36,10.4.3.0/24,,,down
cat-gp-3542.example,10.4.2.11,10.4.2.0/24,,,down
cat-gp-3587.example,10.4.2.13,10.4.2.0/24,,,down
cat-gp-3678.example,10.14.3.41,10.14.3.0/24,,,down
cat-gp-3738.example,10.14.3.21,10.14.3.0/24,,,down
cat-gp-3739.example,10.2.2.33,10.2.2.0/24,,,down
cat-gp-3740.example,10.3.1.74,10.3.1.0/24,,,down
cat-gp-3916.example,10.3.1.11,10.3.1.0/24,,,down
cat-gp-3920.example,10.14.3.25,10.14.3.0/24,,,down
cat-gp-4215.example,10.3.1.75,10.3.1.0/24,,,down
cat-gp-4216.example,10.1.1.173,10.1.1.0/24,,,down
cat-gp-4247.example,10.3.1.30,10.3.1.0/24,,,down
cat-gp-4284.example,10.3.1.17,10.3.1.0/24,,,down
cat-gp-4305.example,10.3.1.71,10.3.1.0/24,,,down
cat-gp-dozen.example,10.14.2.66,10.14.2.0/24,,,down
cat-gp-eunuch.example,10.14.2.55,10.14.2.0/24,,,down
cat-gp-cwselfish1.example,10.4.2.44,10.4.2.0/24,,,down
cat-gp-ow1.example,10.14.2.77,10.14.2.0/24,,,down
cat-gp-recent1.example,10.4.5.30,10.4.5.0/24,,,down
cat-gp-mango1.example,10.4.2.130,10.4.2.0/24,,,down
cat-gp-cyanide.example,10.4.2.134,10.4.2.0/24,,,down
cat-gp-n5400.example,10.14.2.58,10.14.2.0/24,,,down
cat-gp-urbanx.example,10.14.2.176,10.14.2.0/24,,,down
catmy.example,10.14.2.120,10.14.2.0/24,,,down
cathomesick.example,10.14.2.123,10.14.2.0/24,,,down
cathomesick2.example,10.14.2.124,10.14.2.0/24,,,down
cat_kl_4083.example,10.1.3.20,10.1.3.0/24,,,down
cat_kl_4293.example,10.3.1.43,10.3.1.0/24,,,down
bowyer.example,10.7.1.2,10.7.1.0/24,,,down
go1.wre.example,10.4.4.131,10.4.4.0/24,,,down
e-ha-mac-gsfr1.example,10.14.1.1,10.14.1.0/24,,,down
elmah.taste.opd.example,10.5.7.21,10.5.7.0/24,,,down
owx01.jewel.example,10.4.4.11,10.4.4.0/24,,,down
owx02.jewel.example,10.4.4.12,10.4.4.0/24,,,down
noble2.example,10.4.2.114,10.4.2.0/24,,,down
filow.lavender.example,10.5.43.12,10.5.43.0/24,,,down
filow.lavender.opd.example,10.5.7.24,10.5.7.0/24,,,down
fograveys01.example,10.4.4.128,10.4.4.0/24,,,down
cougar.example,10.2.1.59,10.2.1.0/24,,,down
gloomy.example,10.2.1.59,10.2.1.0/24,,,down
gloobycaseowt.example,10.2.1.59,10.2.1.0/24,,,down
cherry.example,10.2.1.61,10.2.1.0/24,,,down
buffet-analytics.example,10.7.1.84,10.7.1.0/24,,,down
buffet-analytics.local.example,10.7.1.120,10.7.1.0/24,,,down
buffet-reporting.local.example,10.7.1.73,10.7.1.0/24,,,down
it-virtmac-biner.example,10.7.1.99,10.7.1.0/24,,,down
poisonous.example,10.7.1.93,10.7.1.0/24,,,down
b192-up.example,10.28.1.39,10.28.1.0/24,,,down
b192-threat.example,10.28.1.22,10.28.1.0/24,,,down
b192-deathtrap.example,10.7.1.52,10.7.1.0/24,,,down
b192-moth-cat.example,10.28.1.161,10.28.1.0/24,,,down
b192-operatic-ftu.example,10.28.1.77,10.28.1.0/24,,,down
b192-operatic.example,10.28.1.30,10.28.1.0/24,,,down
b192-equipment-cat.example,10.28.1.164,10.28.1.0/24,,,down
b192-equipment.example,10.7.1.47,10.7.1.0/24,,,down
b192-mkwe-junior.example,10.21.1.67,10.21.1.0/24,,,down
b192-mkwe13.example,10.13.1.192,10.13.1.0/24,,,down
b192-mkwe14.example,10.13.1.193,10.13.1.0/24,,,down
b192-mkwe15.example,10.13.1.194,10.13.1.0/24,,,down
b192-mkwe16.example,10.13.1.195,10.13.1.0/24,,,down
b192-sounde0325-21a237a1-4f31-49c8-a5a5-cfbc6ae6b806.example,10.24.1.22,10.24.1.0/24,,,down
b192-sounde0325-5e59e6f3-09e6-4941-87ce-d574f247faef.example,10.24.1.21,10.24.1.0/24,,,down
b192-junior.example,10.28.1.38,10.28.1.0/24,,,down
b192-shipwillow.example,10.7.1.76,10.7.1.0/24,,,down
b192-mac-g85.example,10.25.1.10,10.25.1.0/24,,,down
b192-mac-cc01.example,10.13.6.10,10.13.6.0/24,,,down
b192-mac-cc02.example,10.13.6.11,10.13.6.0/24,,,down
b192-mac-cc03.example,10.13.6.12,10.13.6.0/24,,,down
b192-mac-cc04.example,10.13.6.13,10.13.6.0/24,,,down
b192-mac-kwe01.example,10.21.1.11,10.21.1.0/24,,,down
b192-mac-kwe02.example,10.21.1.12,10.21.1.0/24,,,down
b192-mac-kwe03.example,10.21.1.13,10.21.1.0/24,,,down
b192-mac-kwe04.example,10.21.1.14,10.21.1.0/24,,,down
b192-mac-kwe05.example,10.21.1.15,10.21.1.0/24,,,down
b192-mac-kwe06.example,10.21.1.16,10.21.1.0/24,,,down
b192-mac-kwe07.example,10.21.1.17,10.21.1.0/24,,,down
b192-mac-kwe08.example,10.21.1.18,10.21.1.0/24,,,down
b192-mac-kwe09.example,10.21.1.19,10.21.1.0/24,,,down
b192-mac-ffunc01.example,10.23.1.10,10.23.1.0/24,,,down
b192-mac-ffunc02.example,10.23.1.11,10.23.1.0/24,,,down
b192-mac-ffunc03.example,10.23.1.12,10.23.1.0/24,,,down
b192-mac-ffunc04.example,10.23.1.13,10.23.1.0/24,,,down
b192-mac-ffunc05.example,10.23.1.14,10.23.1.0/24,,,down
b192-mac-ffunc06.example,10.23.1.15,10.23.1.0/24,,,down
b192-mac-ffunc07.example,10.23.1.16,10.23.1.0/24,,,down
b192-mac-ftrs1.example,10.13.8.10,10.13.8.0/24,,,down
b192-mac-ftu01.example,10.21.1.99,10.21.1.0/24,,,down
b192-mac-ftu02.example,10.21.1.96,10.21.1.0/24,,,down
b192-mac-ftu03.example,10.21.1.98,10.21.1.0/24,,,down
b192-mac-ftu04.example,10.21.1.95,10.21.1.0/24,,,down
b192-mac-ftu13.example,10.25.1.13,10.25.1.0/24,,,down
b192-mac-ftu14.example,10.25.1.14,10.25.1.0/24,,,down
b192-mac-mkwe01.example,10.21.1.64,10.21.1.0/24,,,down
b192-mac-mkwe02.example,10.21.1.65,10.21.1.0/24,,,down
b192-mac-mkwe03.example,10.21.1.66,10.21.1.0/24,,,down
b192-mac-mkwe04.example,10.21.1.67,10.21.1.0/24,,,down
b192-mac-mkwe05.example,10.21.1.68,10.21.1.0/24,,,down
b192-mac-mkwe06.example,10.21.1.69,10.21.1.0/24,,,down
b192-mac-mkwe07.example,10.21.1.70,10.21.1.0/24,,,down
b192-mac-mkwe08.example,10.21.1.71,10.21.1.0/24,,,down
b192-mac-mkwe09.example,10.21.1.72,10.21.1.0/24,,,down
b192-mac-mkwe10.example,10.21.1.94,10.21.1.0/24,,,down
b192-mac-mkwe11.example,10.21.1.73,10.21.1.0/24,,,down
b192-mac-mkwe12.example,10.21.1.76,10.21.1.0/24,,,down
b192-mac-mkwe13.example,10.21.1.75,10.21.1.0/24,,,down
b192-mac-mkwe14.example,10.21.1.74,10.21.1.0/24,,,down
b192-mac-mkwe15.example,10.21.1.77,10.21.1.0/24,,,down
b192-mac-mkwe16.example,10.21.1.78,10.21.1.0/24,,,down
b192-mac-mkwe17.example,10.21.1.79,10.21.1.0/24,,,down
b192-mac-mkwe18.example,10.21.1.80,10.21.1.0/24,,,down
b192-mac-mkwe19.example,10.21.1.81,10.21.1.0/24,,,down
b192-mac-mkwe20.example,10.21.1.82,10.21.1.0/24,,,down
b192-mac-mkwe21.example,10.21.1.83,10.21.1.0/24,,,down
b192-mac-mkwe22.example,10.13.1.67,10.13.1.0/24,,,down
b192-mac-mkwe23.example,10.21.1.84,10.21.1.0/24,,,down
b192-mac-mkwe24.example,10.21.1.93,10.21.1.0/24,,,down
b192-mac-mkwe25.example,10.21.1.92,10.21.1.0/24,,,down
b192-mac-mkwe26.example,10.21.1.91,10.21.1.0/24,,,down
b192-mac-mkwe27.example,10.21.1.90,10.21.1.0/24,,,down
b192-mac-mkwe28.example,10.21.1.88,10.21.1.0/24,,,down
b192-mac-mkwe29.example,10.21.1.86,10.21.1.0/24,,,down
b192-mac-mkwe30.example,10.21.1.87,10.21.1.0/24,,,down
b192-mac-mkwe31.example,10.21.1.89,10.21.1.0/24,,,down
b192-mac-mkwe32.example,10.21.1.85,10.21.1.0/24,,,down
b192-mac-spare1.example,10.13.2.10,10.13.2.0/24,,,down
b192-mac-spare2.example,10.13.3.10,10.13.3.0/24,,,down
b192-mac-spare3.example,10.13.4.10,10.13.4.0/24,,,down
b192-mac-spare4.example,10.13.5.10,10.13.5.0/24,,,down
b192-mac-vm01.example,10.20.1.10,10.20.1.0/24,,,down
b192-mac-vm02.example,10.20.1.11,10.20.1.0/24,,,down
b192-willow-host-cat.example,10.28.1.163,10.28.1.0/24,,,down
b192-willow.example,10.28.1.33,10.28.1.0/24,,,down
b192-virtmac-agscar.example,10.24.1.24,10.24.1.0/24,,,down
b192-virtmac-talk1.example,10.22.3.10,10.22.3.0/24,,,down
b192-virtmac-thief-crook.example,10.28.1.182,10.28.1.0/24,,,down
b192-virtmac-auto1.example,10.22.4.11,10.22.4.0/24,,,down
b192-virtmac-baron-kwe1.example,10.24.2.7,10.24.2.0/24,,,down
b192-virtmac-baron-kwe2.example,10.24.2.9,10.24.2.0/24,,,down
b192-virtmac-baron-kwe3.example,10.24.2.11,10.24.2.0/24,,,down
b192-virtmac-baron-kwe4.example,10.24.2.7,10.24.2.0/24,,,down
b192-virtmac-baron-kwe5.example,10.24.2.9,10.24.2.0/24,,,down
b192-virtmac-baron-kwem.example,10.24.2.3,10.24.2.0/24,,,down
b192-virtmac-bloop.example,10.7.1.44,10.7.1.0/24,,,down
b192-virtmac-kwe-client1.example,10.24.6.3,10.24.6.0/24,,,down
b192-virtmac-episode.example,10.28.1.238,10.28.1.0/24,,,down
b192-virtmac-diva-cat.example,10.28.1.171,10.28.1.0/24,,,down
b192-virtmac-diva.example,10.7.1.26,10.7.1.0/24,,,down
b192-virtmac-divabox.example,10.28.1.39,10.28.1.0/24,,,down
b192-virtmac-diamond.example,10.24.1.3,10.24.1.0/24,,,down
b192-virtmac-sh.example,10.21.1.20,10.21.1.0/24,,,down
b192-virtmac-community.example,10.24.1.8,10.24.1.0/24,,,down
b192-virtmac-normal.example,10.7.1.52,10.7.1.0/24,,,down
b192-virtmac-eating-xz3.example,10.24.1.27,10.24.1.0/24,,,down
b192-virtmac-tgos.example,10.24.1.34,10.24.1.0/24,,,down
b192-virtmac-tgos1.example,10.24.1.35,10.24.1.0/24,,,down
b192-virtmac-tgos2.example,10.24.1.36,10.24.1.0/24,,,down
b192-virtmac-sorrow.example,10.28.1.7,10.28.1.0/24,,,down
b192-virtmac-field-director1.example,10.28.1.24,10.28.1.0/24,,,down
b192-virtmac-field-director2.example,10.28.1.26,10.28.1.0/24,,,down
b192-virtmac-brilliant.example,10.7.1.46,10.7.1.0/24,,,down
b192-virtmac-briilianttowt.example,10.24.1.29,10.24.1.0/24,,,down
b192-virtmac-connectivity.example,10.7.1.52,10.7.1.0/24,,,down
b192-virtmac-escapist.example,10.7.1.43,10.7.1.0/24,,,down
b192-virtmac-cannon-cat.example,10.28.1.164,10.28.1.0/24,,,down
b192-virtmac-cannon-log.example,10.28.1.36,10.28.1.0/24,,,down
b192-virtmac-we-kwe4.example,10.24.7.18,10.24.7.0/24,,,down
b192-virtmac-we-kwe5-1.example,10.24.8.8,10.24.8.0/24,,,down
b192-virtmac-we-kwe5-2.example,10.24.8.11,10.24.8.0/24,,,down
b192-virtmac-we-kwe5-3.example,10.24.8.13,10.24.8.0/24,,,down
b192-virtmac-we-ubuntu-1204.example,10.24.7.19,10.24.7.0/24,,,down
b192-virtmac-wecat02.example,10.24.7.17,10.24.7.0/24,,,down
b192-virtmac-alien.example,10.28.1.169,10.28.1.0/24,,,down
b192-virtmac-family1.example,10.22.5.10,10.22.5.0/24,,,down
b192-virtmac-faint.example,10.24.8.15,10.24.8.0/24,,,down
b192-virtmac-echo.example,10.24.1.12,10.24.1.0/24,,,down
b192-virtmac-gowtakl.example,10.7.1.38,10.7.1.0/24,,,down
b192-virtmac-freshow1.example,10.24.3.3,10.24.3.0/24,,,down
b192-virtmac-casealklhethings.example,10.28.1.240,10.28.1.0/24,,,down
b192-virtmac-hickory1.example,10.22.2.10,10.22.2.0/24,,,down
b192-virtmac-raw.example,10.24.7.42,10.24.7.0/24,,,down
b192-virtmac-raw-cat.example,10.28.1.161,10.28.1.0/24,,,down
b192-virtmac-raw-ftu.example,10.28.1.77,10.28.1.0/24,,,down
b192-virtmac-raw.example,10.28.1.30,10.28.1.0/24,,,down
b192-virtmac-criticalbowyer-1.example,10.24.1.18,10.24.1.0/24,,,down
b192-virtmac-criticalbowyer-2.example,10.24.1.17,10.24.1.0/24,,,down
b192-virtmac-criticalbowyer-3.example,10.24.1.15,10.24.1.0/24,,,down
b192-virtmac-criticalbrass-1.example,10.24.1.18,10.24.1.0/24,,,down
b192-virtmac-criticalbrass-2.example,10.24.1.17,10.24.1.0/24,,,down
b192-virtmac-criticalbrass-3.example,10.24.1.15,10.24.1.0/24,,,down
b192-virtmac-kalowt1.example,10.24.8.3,10.24.8.0/24,,,down
b192-virtmac-criticalvol-2.example,10.24.1.16,10.24.1.0/24,,,down
b192-virtmac-keytowt.example,10.24.1.28,10.24.1.0/24,,,down
b192-virtmac-west1.example,10.24.8.15,10.24.8.0/24,,,down
b192-virtmac-westtowt2.example,10.24.1.18,10.24.1.0/24,,,down
b192-virtmac-westtowt3.example,10.24.1.17,10.24.1.0/24,,,down
b192-virtmac-westtowt4.example,10.24.1.18,10.24.1.0/24,,,down
b192-virtmac-westtowt5.example,10.24.1.17,10.24.1.0/24,,,down
b192-virtmac-westhub.example,10.24.1.8,10.24.1.0/24,,,down
b192-virtmac-westnb.example,10.24.1.13,10.24.1.0/24,,,down
b192-virtmac-westt.example,10.24.1.17,10.24.1.0/24,,,down
b192-virtmac-robbery1.example,10.24.6.3,10.24.6.0/24,,,down
b192-virtmac-afterwards.example,10.7.1.47,10.7.1.0/24,,,down
b192-virtmac-between.example,10.24.1.8,10.24.1.0/24,,,down
b192-virtmac-bettowt.example,10.24.1.16,10.24.1.0/24,,,down
b192-virtmac-m-7e253c10-7085-435e-a155-9cdf339653d3.example,10.24.1.29,10.24.1.0/24,,,down
b192-virtmac-m-cfbda40f-0d6d-4738-996a-61e00ce415e8.example,10.24.1.27,10.24.1.0/24,,,down
b192-virtmac-m-e71c752c-98d7-4824-9540-d86636e78b6e.example,10.24.1.28,10.24.1.0/24,,,down
b192-virtmac-pick.example,10.24.1.14,10.24.1.0/24,,,down
b192-virtmac-disfigured.example,10.7.1.71,10.7.1.0/24,,,down
b192-virtmac-fountain.example,10.13.7.11,10.13.7.0/24,,,down
b192-virtmac-mkwe0-edge-0.example,10.24.1.10,10.24.1.0/24,,,down
b192-virtmac-mowos-tree1.example,10.24.8.3,10.24.8.0/24,,,down
b192-virtmac-mowos-crunch1.example,10.24.8.17,10.24.8.0/24,,,down
b192-virtmac-mowos-ripe1.example,10.24.8.18,10.24.8.0/24,,,down
b192-virtmac-mowos-ripe2.example,10.24.8.20,10.24.8.0/24,,,down
b192-virtmac-mowos-quantum1.example,10.24.8.11,10.24.8.0/24,,,down
b192-virtmac-mowos-quantum2.example,10.24.8.16,10.24.8.0/24,,,down
b192-virtmac-mowos-optional3.example,10.24.8.21,10.24.8.0/24,,,down
b192-virtmac-mowos1.example,10.24.8.3,10.24.8.0/24,,,down
b192-virtmac-mowos2.example,10.24.8.6,10.24.8.0/24,,,down
b192-virtmac-mowostowt1.example,10.24.1.15,10.24.1.0/24,,,down
b192-virtmac-nbhub.example,10.7.1.60,10.7.1.0/24,,,down
b192-virtmac-nctowt.example,10.24.1.16,10.24.1.0/24,,,down
b192-virtmac-nohatowt2.example,10.24.8.6,10.24.8.0/24,,,down
b192-virtmac-obs1.example,10.22.4.12,10.22.4.0/24,,,down
b192-virtmac-forearm.example,10.28.1.239,10.28.1.0/24,,,down
b192-virtmac-deep.example,10.28.1.52,10.28.1.0/24,,,down
b192-virtmac-sound.example,10.7.1.68,10.7.1.0/24,,,down
b192-virtmac-sound1.example,10.24.8.11,10.24.8.0/24,,,down
b192-virtmac-sounddvyyy0324.example,10.24.1.20,10.24.1.0/24,,,down
b192-virtmac-soundk0325.example,10.24.1.20,10.24.1.0/24,,,down
b192-virtmac-soundsound.example,10.24.1.12,10.24.1.0/24,,,down
b192-virtmac-soundq0325.example,10.24.1.20,10.24.1.0/24,,,down
b192-virtmac-soundreg.example,10.24.1.33,10.24.1.0/24,,,down
b192-virtmac-soundt0324.example,10.24.1.15,10.24.1.0/24,,,down
b192-virtmac-soundtowtdvy0324.example,10.24.1.15,10.24.1.0/24,,,down
b192-virtmac-soundtt.example,10.24.1.15,10.24.1.0/24,,,down
b192-virtmac-soundu0325.example,10.24.1.15,10.24.1.0/24,,,down
b192-virtmac-soundv0324.example,10.24.1.16,10.24.1.0/24,,,down
b192-virtmac-soundx0325.example,10.24.1.21,10.24.1.0/24,,,down
b192-virtmac-zone1.example,10.24.8.3,10.24.8.0/24,,,down
b192-virtmac-zone2.example,10.24.8.6,10.24.8.0/24,,,down
b192-virtmac-zone3.example,10.24.8.15,10.24.8.0/24,,,down
b192-virtmac-zone4.example,10.24.8.6,10.24.8.0/24,,,down
b192-virtmac-zone5.example,10.24.8.15,10.24.8.0/24,,,down
b192-virtmac-polar1.example,10.24.8.8,10.24.8.0/24,,,down
b192-virtmac-orchard-nba.example,10.28.1.83,10.28.1.0/24,,,down
b192-virtmac-orchard-nba2.example,10.28.1.88,10.28.1.0/24,,,down
b192-virtmac-groovy-server.example,10.24.1.14,10.24.1.0/24,,,down
b192-virtmac-whale.example,10.24.1.14,10.24.1.0/24,,,down
b192-virtmac-quicktowt.example,10.24.1.19,10.24.1.0/24,,,down
b192-virtmac-quicktowt2.example,10.7.1.26,10.7.1.0/24,,,down
b192-virtmac-quicktowt3.example,10.28.1.19,10.28.1.0/24,,,down
b192-virtmac-pigeon.example,10.28.1.38,10.28.1.0/24,,,down
b192-virtmac-junior-cat.example,10.28.1.170,10.28.1.0/24,,,down
b192-virtmac-rogertowt.example,10.24.1.32,10.24.1.0/24,,,down
b192-virtmac-sagent.example,10.24.1.31,10.24.1.0/24,,,down
b192-virtmac-sakl.example,10.7.1.57,10.7.1.0/24,,,down
b192-virtmac-szlient.example,10.24.7.8,10.24.7.0/24,,,down
b192-virtmac-magnetic.example,10.24.4.3,10.24.4.0/24,,,down
b192-virtmac-magneticubuntu.example,10.24.4.5,10.24.4.0/24,,,down
b192-virtmac-marsh.example,10.7.1.81,10.7.1.0/24,,,down
b192-virtmac-lights.example,10.24.1.30,10.24.1.0/24,,,down
b192-virtmac-crawler-crimson.example,10.24.6.5,10.24.6.0/24,,,down
b192-virtmac-crawler.example,10.24.6.3,10.24.6.0/24,,,down
b192-virtmac-joypop1.example,10.7.1.66,10.7.1.0/24,,,down
b192-virtmac-joypop2.example,10.7.1.67,10.7.1.0/24,,,down
b192-virtmac-vision1.example,10.22.4.10,10.22.4.0/24,,,down
b192-virtmac-bars-ep.example,10.7.1.44,10.7.1.0/24,,,down
b192-virtmac-scar-bowyer-client.example,10.24.8.3,10.24.8.0/24,,,down
b192-virtmac-scar-clock1.example,10.24.8.18,10.24.8.0/24,,,down
b192-virtmac-scar-flaw1.example,10.24.8.20,10.24.8.0/24,,,down
b192-virtmac-scar-feelings1.example,10.24.8.8,10.24.8.0/24,,,down
b192-virtmac-scar-difficult.example,10.7.1.78,10.7.1.0/24,,,down
b192-virtmac-scar-towt1.example,10.24.8.17,10.24.8.0/24,,,down
b192-virtmac-scar-director-145f36d4-ca8c-4166-a9d0-386cd1465162.example,10.24.8.20,10.24.8.0/24,,,down
b192-virtmac-scar-director-3602aad2-f6e0-4900-9308-878d18d0bf51.example,10.24.8.19,10.24.8.0/24,,,down
b192-virtmac-scar-director-39c2ffa5-5c0e-4251-a74a-33fc9dbfb86e.example,10.24.8.17,10.24.8.0/24,,,down
b192-virtmac-scar-director-3fc5ee84-795d-41tg-a45b-c9aba219986a.example,10.24.8.19,10.24.8.0/24,,,down
b192-virtmac-scar-director-437cd704-b1bd-4cd6-a211-70b143344d6a.example,10.24.8.22,10.24.8.0/24,,,down
b192-virtmac-scar-director-5bc36e8f-7fd6-43db-8e12-8aa8a2f6f74d.example,10.24.8.6,10.24.8.0/24,,,down
b192-virtmac-scar-director-6894c386-cf35-43ab-9528-efa936631a9c.example,10.24.8.16,10.24.8.0/24,,,down
b192-virtmac-scar-director-6d6ad631-2a0e-4f42-9355-6611d1ceed1b.example,10.24.8.20,10.24.8.0/24,,,down
b192-virtmac-scar-director-6f7c9399-2b8d-484c-a877-bb4a141c0ad1.example,10.24.8.11,10.24.8.0/24,,,down
b192-virtmac-scar-director-7296f425-4a08-472b-b479-8c6afbbac99b.example,10.24.8.3,10.24.8.0/24,,,down
b192-virtmac-scar-director-7e57116b-254f-4062-b2be-d5d8add30bc2.example,10.24.8.16,10.24.8.0/24,,,down
b192-virtmac-scar-director-85df558f-81e3-479b-9805-89e44a376685.example,10.24.8.3,10.24.8.0/24,,,down
b192-virtmac-scar-director-979fa404-d54b-448e-b233-fcd094a81eza.example,10.24.8.11,10.24.8.0/24,,,down
b192-virtmac-scar-director-b378ez2d-0d89-42a7-a6d2-8f57c0e9ez23.example,10.24.8.19,10.24.8.0/24,,,down
b192-virtmac-scar-director-b6a8c142-d11d-452f-89ab-9259eeaf4b5c.example,10.24.8.17,10.24.8.0/24,,,down
b192-virtmac-scar-director-baea6f54-9870-4055-ad9d-2b759f4706f6.example,10.24.8.8,10.24.8.0/24,,,down
b192-virtmac-scar-director-baf87fad-b1de-4409-a6e2-bf8c7cfc1e6f.example,10.24.8.16,10.24.8.0/24,,,down
b192-virtmac-scar-director-c9aaa223-1402-457c-8318-736448353594.example,10.24.8.16,10.24.8.0/24,,,down
b192-virtmac-scar-director-fc2d6ae2-c822-425b-a382-e7e4152ce101.example,10.24.8.8,10.24.8.0/24,,,down
b192-virtmac-scar-director.example,10.24.8.3,10.24.8.0/24,,,down
b192-virtmac-scar-director1.example,10.24.8.3,10.24.8.0/24,,,down
b192-virtmac-scar1.example,10.7.1.65,10.7.1.0/24,,,down
b192-virtmac-game.example,10.7.1.61,10.7.1.0/24,,,down
b192-virtmac-willow-dormant1-cat.example,10.28.1.165,10.28.1.0/24,,,down
b192-virtmac-willow-dormant1.example,10.28.1.34,10.28.1.0/24,,,down
b192-virtmac-willow-dormant2.example,10.28.1.35,10.28.1.0/24,,,down
b192-virtmac-willow-dormant3.example,10.28.1.141,10.28.1.0/24,,,down
b192-virtmac-willow-host-cat.example,10.28.1.163,10.28.1.0/24,,,down
b192-virtmac-willow-host-ftu.example,10.28.1.92,10.28.1.0/24,,,down
b192-virtmac-willow-host.example,10.28.1.33,10.28.1.0/24,,,down
b192-virtmac-willowagent-zed.example,10.7.1.62,10.7.1.0/24,,,down
b192-virtmac-willowagent1.example,10.7.1.69,10.7.1.0/24,,,down
b192-virtmac-willowagent2.example,10.7.1.70,10.7.1.0/24,,,down
b192-virtmac-willowhost.example,10.7.1.41,10.7.1.0/24,,,down
b192-virtmac-willowcontestant-1.example,10.7.1.48,10.7.1.0/24,,,down
b192-virtmac-willowcontestant-2.example,10.7.1.64,10.7.1.0/24,,,down
b192-virtmac-willowtowt.example,10.24.1.3,10.24.1.0/24,,,down
b192-virtmac-towt1.example,10.24.8.6,10.24.8.0/24,,,down
b192-virtmac-towt2.example,10.24.8.8,10.24.8.0/24,,,down
b192-virtmac-towt3.example,10.24.8.11,10.24.8.0/24,,,down
b192-virtmac-towt4.example,10.24.8.13,10.24.8.0/24,,,down
b192-virtmac-towtc.example,10.7.1.64,10.7.1.0/24,,,down
b192-virtmac-towtnode.example,10.7.1.64,10.7.1.0/24,,,down
b192-virtmac-towtubuntu.example,10.24.8.13,10.24.8.0/24,,,down
b192-virtmac-yu.example,10.24.1.20,10.24.1.0/24,,,down
b192-virtmac-yu1.example,10.24.1.20,10.24.1.0/24,,,down
b192-virtmac-yu2.example,10.24.1.25,10.24.1.0/24,,,down
b192-virtmac-yu3.example,10.24.1.19,10.24.1.0/24,,,down
b192-virtmac-yu4.example,10.24.1.19,10.24.1.0/24,,,down
b192-virtmac-kwise.example,10.28.1.155,10.28.1.0/24,,,down
b192-virtmac-prime25-cat.example,10.24.5.5,10.24.5.0/24,,,down
b192-virtmac-prime25.example,10.24.5.3,10.24.5.0/24,,,down
b192-virtmac-system0.example,10.24.9.3,10.24.9.0/24,,,down
b192-virtmac-xp-mango.example,10.28.1.207,10.28.1.0/24,,,down
b192-virtmac-ytbowyer.example,10.24.1.14,10.24.1.0/24,,,down
b192-virtmac-hustle-towt-1.example,10.7.1.71,10.7.1.0/24,,,down
b192-virtmac-hustle-towt-2.example,10.7.1.72,10.7.1.0/24,,,down
b192-virtmac-hustle-towt-3.example,10.7.1.73,10.7.1.0/24,,,down
amateur.example,10.24.1.26,10.24.1.0/24,,,down
spirit.presumed.opd.example,10.5.7.25,10.5.7.0/24,,,down
broken.example,10.24.1.19,10.24.1.0/24,,,down
lukow-linux.example,10.7.1.63,10.7.1.0/24,,,down
feudal.example,10.5.26.10,10.5.26.0/24,,,down
sparkler.example,10.13.1.196,10.13.1.0/24,,,down
village-a.anguish.example,10.5.39.34,10.5.39.0/24,,,down
village-b.anguish.example,10.5.39.33,10.5.39.0/24,,,down
village-c.anguish.example,10.5.39.20,10.5.39.0/24,,,down
village-d.anguish.example,10.5.39.21,10.5.39.0/24,,,down
village-e.anguish.example,10.5.39.36,10.5.39.0/24,,,down
dot-flushing-station.example,10.7.1.95,10.7.1.0/24,,,down
my.harlot.opd.example,10.5.7.24,10.5.7.0/24,,,down
fiasco.example,10.13.1.11,10.13.1.0/24,,,down
nr1-c.anguish.example,10.5.39.20,10.5.39.0/24,"[10.5.39.22]","[10.5.39.0/24]",down
nr1-d.anguish.example,10.5.39.19,10.5.39.0/24,"[10.5.39.21]","[10.5.39.0/24]",down
nr2-c.anguish.example,10.5.39.20,10.5.39.0/24,"[10.5.39.22]","[10.5.39.0/24]",down
nr2-d.anguish.example,10.5.39.19,10.5.39.0/24,"[10.5.39.21]","[10.5.39.0/24]",down
one-a.anguish.example,10.5.39.32,10.5.39.0/24,"[10.5.39.34]","[10.5.39.0/24]",down
one-b.anguish.example,10.5.39.33,10.5.39.0/24,"[10.5.39.37]","[10.5.39.0/24]",down
one-c.anguish.example,10.5.39.20,10.5.39.0/24,"[10.5.39.22]","[10.5.39.0/24]",down
one-d.anguish.example,10.5.39.19,10.5.39.0/24,"[10.5.39.21]","[10.5.39.0/24]",down
one-e.anguish.example,10.5.39.35,10.5.39.0/24,"[10.5.39.36]","[10.5.39.0/24]",down
contrast.example,10.14.1.1,10.14.1.0/24,,,down
lust-instance.example,10.7.1.50,10.7.1.0/24,,,down
lust-server.example,10.7.1.50,10.7.1.0/24,,,down
sakl.example,10.7.1.57,10.7.1.0/24,,,down
detainee-barnacle-iq.example,10.7.1.42,10.7.1.0/24,,,down
chemical.example,10.7.1.42,10.7.1.0/24,,,down
k1.example,10.7.1.116,10.7.1.0/24,,,down
bladder-api.cat.example,10.7.1.31,10.7.1.0/24,,,down
bladder.cat.example,10.7.1.87,10.7.1.0/24,,,down
towt-virtmac-xiql1a.example,10.10.2.21,10.10.2.0/24,,,down
towthome.example,10.14.2.31,10.14.2.0/24,,,down
towtmysite.example,10.14.2.32,10.14.2.0/24,,,down
ber.example,10.7.1.49,10.7.1.0/24,,,down
ha-kl-4796.example,10.1.3.17,10.1.3.0/24,,,down
ha-kl-cob-y-laptop.example,10.4.2.167,10.4.2.0/24,,,down
ha-virtmac-blurry1.example,10.10.4.10,10.10.4.0/24,,,up
ha-virtmac-endless1.example,10.5.6.10,10.5.6.0/24,,,down
ha-virtmac-endless2.example,10.5.6.11,10.5.6.0/24,,,down
ha-virtmac-endless3.example,10.5.6.12,10.5.6.0/24,,,down
ha-vgp-goofball3.example,10.4.6.11,10.4.6.0/24,,,down
vbm-a.anguish.example,10.5.39.32,10.5.39.0/24,"[10.5.39.34]","[10.5.39.0/24]",down
vbm-b.anguish.example,10.5.39.33,10.5.39.0/24,"[10.5.39.37]","[10.5.39.0/24]",down
vbm-c.anguish.example,10.5.39.20,10.5.39.0/24,"[10.5.39.22]","[10.5.39.0/24]",down
vbm-d.anguish.example,10.5.39.19,10.5.39.0/24,"[10.5.39.21]","[10.5.39.0/24]",down
vbm-e.anguish.example,10.5.39.35,10.5.39.0/24,"[10.5.39.36]","[10.5.39.0/24]",down
bernesys01.example,10.4.4.103,10.4.4.0/24,,,down
vpca-nr1.anguish.example,10.5.39.34,10.5.39.0/24,,,down
vpca-nr2.anguish.example,10.5.39.32,10.5.39.0/24,,,down
vpcb-nr1.anguish.example,10.5.39.33,10.5.39.0/24,,,down
vpcb-nr2.anguish.example,10.5.39.37,10.5.39.0/24,,,down
vpcc-nr1.anguish.example,10.5.39.20,10.5.39.0/24,,,down
vpcc-nr2.anguish.example,10.5.39.22,10.5.39.0/24,,,down
vpcd-nr1.anguish.example,10.5.39.21,10.5.39.0/24,,,down
vpcd-nr2.anguish.example,10.5.39.19,10.5.39.0/24,,,down
vpce-nr1.anguish.example,10.5.39.36,10.5.39.0/24,,,down
vpce-nr2.anguish.example,10.5.39.35,10.5.39.0/24,,,down
vpm-a.anguish.example,10.5.39.32,10.5.39.0/24,"[10.5.39.34]","[10.5.39.0/24]",down
vpm-b.anguish.example,10.5.39.33,10.5.39.0/24,"[10.5.39.37]","[10.5.39.0/24]",down
vpm-e.anguish.example,10.5.39.35,10.5.39.0/24,"[10.5.39.36]","[10.5.39.0/24]",down
vwc-a.anguish.example,10.5.39.32,10.5.39.0/24,"[10.5.39.34]","[10.5.39.0/24]",down
vwc-b.anguish.example,10.5.39.33,10.5.39.0/24,"[10.5.39.37]","[10.5.39.0/24]",down
vwc-c.anguish.example,10.5.39.20,10.5.39.0/24,"[10.5.39.22]","[10.5.39.0/24]",down
vwc-d.anguish.example,10.5.39.19,10.5.39.0/24,"[10.5.39.21]","[10.5.39.0/24]",down
vwc-e.anguish.example,10.5.39.35,10.5.39.0/24,"[10.5.39.36]","[10.5.39.0/24]",down
worldserver.get2.example,10.4.2.114,10.4.2.0/24,,,down
www-a.anguish.example,10.5.39.32,10.5.39.0/24,"[10.5.39.34]","[10.5.39.0/24]",down
www-b.anguish.example,10.5.39.33,10.5.39.0/24,"[10.5.39.37]","[10.5.39.0/24]",down
www-c.anguish.example,10.5.39.20,10.5.39.0/24,"[10.5.39.22]","[10.5.39.0/24]",down
www-d.anguish.example,10.5.39.19,10.5.39.0/24,"[10.5.39.21]","[10.5.39.0/24]",down
www-e.anguish.example,10.5.39.35,10.5.39.0/24,"[10.5.39.36]","[10.5.39.0/24]",down
www-ang.example,10.5.39.12,10.5.39.0/24,,,down
